ID,DATE,TIME,NAME,SRC,TYPE,GROUP
20240903084944783,20240903,084944783,cat,./input/icons\cat.svg,,
20240903084944784,20240903,084944784,check-check,./input/icons\check-check.svg,,
20240903084944785,20240903,084944785,check-circle-2,./input/icons\check-circle-2.svg,,
20240903084944786,20240903,084944786,check-circle,./input/icons\check-circle.svg,,
20240903084944787,20240903,084944787,check-square,./input/icons\check-square.svg,,
20240903084944788,20240903,084944788,check,./input/icons\check.svg,,
20240903084944789,20240903,084944789,chef-hat,./input/icons\chef-hat.svg,,
20240903084944790,20240903,084944790,chevron-down-square,./input/icons\chevron-down-square.svg,,
20240903084944791,20240903,084944791,chevron-down,./input/icons\chevron-down.svg,,
20240903084944792,20240903,084944792,chevron-first,./input/icons\chevron-first.svg,,
20240903084944793,20240903,084944793,chevron-last,./input/icons\chevron-last.svg,,
20240903084944794,20240903,084944794,chevron-left-square,./input/icons\chevron-left-square.svg,,
20240903084944795,20240903,084944795,chevron-left,./input/icons\chevron-left.svg,,
20240903084944796,20240903,084944796,chevron-right-square,./input/icons\chevron-right-square.svg,,
20240903084944797,20240903,084944797,chevron-right,./input/icons\chevron-right.svg,,
20240903084944798,20240903,084944798,chevron-up-square,./input/icons\chevron-up-square.svg,,
20240903084944799,20240903,084944799,chevron-up,./input/icons\chevron-up.svg,,
20240903084944800,20240903,084944800,chevrons-down-up,./input/icons\chevrons-down-up.svg,,
20240903084944801,20240903,084944801,chevrons-down,./input/icons\chevrons-down.svg,,
20240903084944802,20240903,084944802,chevrons-left-right,./input/icons\chevrons-left-right.svg,,
20240903084944803,20240903,084944803,chevrons-left,./input/icons\chevrons-left.svg,,
20240903084944804,20240903,084944804,chevrons-right-left,./input/icons\chevrons-right-left.svg,,
20240903084944805,20240903,084944805,chevrons-right,./input/icons\chevrons-right.svg,,
20240903084944806,20240903,084944806,chevrons-up-down,./input/icons\chevrons-up-down.svg,,
20240903084944807,20240903,084944807,chevrons-up,./input/icons\chevrons-up.svg,,
20240903084944808,20240903,084944808,chrome,./input/icons\chrome.svg,,
20240903084944809,20240903,084944809,church,./input/icons\church.svg,,
20240903084944810,20240903,084944810,cigarette-off,./input/icons\cigarette-off.svg,,
20240903084944811,20240903,084944811,cigarette,./input/icons\cigarette.svg,,
20240903084944812,20240903,084944812,circle-dashed,./input/icons\circle-dashed.svg,,
20240903084944813,20240903,084944813,circle-dollar-sign,./input/icons\circle-dollar-sign.svg,,
20240903084944814,20240903,084944814,circle-dot-dashed,./input/icons\circle-dot-dashed.svg,,
20240903084944815,20240903,084944815,circle-dot,./input/icons\circle-dot.svg,,
20240903084944816,20240903,084944816,circle-ellipsis,./input/icons\circle-ellipsis.svg,,
20240903084944817,20240903,084944817,circle-equal,./input/icons\circle-equal.svg,,
20240903084944818,20240903,084944818,circle-off,./input/icons\circle-off.svg,,
20240903084944819,20240903,084944819,circle-slash-2,./input/icons\circle-slash-2.svg,,
20240903084944820,20240903,084944820,circle-slash,./input/icons\circle-slash.svg,,
20240903084944821,20240903,084944821,circle,./input/icons\circle.svg,,
20240903084944822,20240903,084944822,circuit-board,./input/icons\circuit-board.svg,,
20240903084944823,20240903,084944823,citrus,./input/icons\citrus.svg,,
20240903084944824,20240903,084944824,clapperboard,./input/icons\clapperboard.svg,,
20240903084944825,20240903,084944825,clipboard-check,./input/icons\clipboard-check.svg,,
20240903084944826,20240903,084944826,clipboard-copy,./input/icons\clipboard-copy.svg,,
20240903084944827,20240903,084944827,clipboard-edit,./input/icons\clipboard-edit.svg,,
20240903084944828,20240903,084944828,clipboard-list,./input/icons\clipboard-list.svg,,
20240903084944829,20240903,084944829,clipboard-paste,./input/icons\clipboard-paste.svg,,
20240903084944830,20240903,084944830,clipboard-signature,./input/icons\clipboard-signature.svg,,
20240903084944831,20240903,084944831,clipboard-type,./input/icons\clipboard-type.svg,,
20240903084944832,20240903,084944832,clipboard-x,./input/icons\clipboard-x.svg,,
20240903084944833,20240903,084944833,clipboard,./input/icons\clipboard.svg,,
20240903084944834,20240903,084944834,clock-1,./input/icons\clock-1.svg,,
20240903084944835,20240903,084944835,clock-10,./input/icons\clock-10.svg,,
20240903084944836,20240903,084944836,clock-11,./input/icons\clock-11.svg,,
20240903084944837,20240903,084944837,clock-12,./input/icons\clock-12.svg,,
20240903084944838,20240903,084944838,clock-2,./input/icons\clock-2.svg,,
20240903084944839,20240903,084944839,clock-3,./input/icons\clock-3.svg,,
20240903084944840,20240903,084944840,clock-4,./input/icons\clock-4.svg,,
20240903084944841,20240903,084944841,clock-5,./input/icons\clock-5.svg,,
20240903084944842,20240903,084944842,clock-6,./input/icons\clock-6.svg,,
20240903084944843,20240903,084944843,clock-7,./input/icons\clock-7.svg,,
20240903084944844,20240903,084944844,clock-8,./input/icons\clock-8.svg,,
20240903084944845,20240903,084944845,clock-9,./input/icons\clock-9.svg,,
20240903084944846,20240903,084944846,clock,./input/icons\clock.svg,,
20240903084944847,20240903,084944847,cloud-cog,./input/icons\cloud-cog.svg,,
20240903084944848,20240903,084944848,cloud-drizzle,./input/icons\cloud-drizzle.svg,,
20240903084944849,20240903,084944849,cloud-fog,./input/icons\cloud-fog.svg,,
20240903084944850,20240903,084944850,cloud-hail,./input/icons\cloud-hail.svg,,
20240903084944851,20240903,084944851,cloud-lightning,./input/icons\cloud-lightning.svg,,
20240903084944852,20240903,084944852,cloud-moon-rain,./input/icons\cloud-moon-rain.svg,,
20240903084944853,20240903,084944853,cloud-moon,./input/icons\cloud-moon.svg,,
20240903084944854,20240903,084944854,cloud-off,./input/icons\cloud-off.svg,,
20240903084944855,20240903,084944855,cloud-rain-wind,./input/icons\cloud-rain-wind.svg,,
20240903084944856,20240903,084944856,cloud-rain,./input/icons\cloud-rain.svg,,
20240903084944857,20240903,084944857,cloud-snow,./input/icons\cloud-snow.svg,,
20240903084944858,20240903,084944858,cloud-sun-rain,./input/icons\cloud-sun-rain.svg,,
20240903084944859,20240903,084944859,cloud-sun,./input/icons\cloud-sun.svg,,
20240903084944860,20240903,084944860,cloud,./input/icons\cloud.svg,,
20240903084944861,20240903,084944861,cloudy,./input/icons\cloudy.svg,,
20240903084944862,20240903,084944862,clover,./input/icons\clover.svg,,
20240903084944863,20240903,084944863,club,./input/icons\club.svg,,
20240903084944864,20240903,084944864,code-2,./input/icons\code-2.svg,,
20240903084944865,20240903,084944865,code,./input/icons\code.svg,,
20240903084944866,20240903,084944866,codepen,./input/icons\codepen.svg,,
20240903084944867,20240903,084944867,codesandbox,./input/icons\codesandbox.svg,,
20240903084944868,20240903,084944868,coffee,./input/icons\coffee.svg,,
20240903084944869,20240903,084944869,cog,./input/icons\cog.svg,,
20240903084944870,20240903,084944870,coins,./input/icons\coins.svg,,
20240903084944871,20240903,084944871,columns,./input/icons\columns.svg,,
20240903084944872,20240903,084944872,combine,./input/icons\combine.svg,,
20240903084944873,20240903,084944873,command,./input/icons\command.svg,,
20240903084944874,20240903,084944874,compass,./input/icons\compass.svg,,
20240903084944875,20240903,084944875,component,./input/icons\component.svg,,
20240903084944876,20240903,084944876,concierge-bell,./input/icons\concierge-bell.svg,,
20240903084944877,20240903,084944877,construction,./input/icons\construction.svg,,
20240903084944878,20240903,084944878,contact-2,./input/icons\contact-2.svg,,
20240903084944879,20240903,084944879,contact,./input/icons\contact.svg,,
20240903084944880,20240903,084944880,contrast,./input/icons\contrast.svg,,
20240903084944881,20240903,084944881,cookie,./input/icons\cookie.svg,,
20240903084944882,20240903,084944882,copy-check,./input/icons\copy-check.svg,,
20240903084944883,20240903,084944883,copy-minus,./input/icons\copy-minus.svg,,
20240903084944884,20240903,084944884,copy-plus,./input/icons\copy-plus.svg,,
20240903084944885,20240903,084944885,copy-slash,./input/icons\copy-slash.svg,,
20240903084944886,20240903,084944886,copy-x,./input/icons\copy-x.svg,,
20240903084944887,20240903,084944887,copy,./input/icons\copy.svg,,
20240903084944888,20240903,084944888,copyleft,./input/icons\copyleft.svg,,
20240903084944889,20240903,084944889,corner-down-left,./input/icons\corner-down-left.svg,,
20240903084944890,20240903,084944890,corner-down-right,./input/icons\corner-down-right.svg,,
20240903084944891,20240903,084944891,corner-left-down,./input/icons\corner-left-down.svg,,
20240903084944892,20240903,084944892,corner-left-up,./input/icons\corner-left-up.svg,,
20240903084944893,20240903,084944893,corner-right-down,./input/icons\corner-right-down.svg,,
20240903084944894,20240903,084944894,corner-right-up,./input/icons\corner-right-up.svg,,
20240903084944895,20240903,084944895,corner-up-left,./input/icons\corner-up-left.svg,,
20240903084944896,20240903,084944896,corner-up-right,./input/icons\corner-up-right.svg,,
20240903084944897,20240903,084944897,cpu,./input/icons\cpu.svg,,
20240903084944898,20240903,084944898,creative-commons,./input/icons\creative-commons.svg,,
20240903084944899,20240903,084944899,credit-card,./input/icons\credit-card.svg,,
20240903084944900,20240903,084944900,croissant,./input/icons\croissant.svg,,
20240903084944901,20240903,084944901,crop,./input/icons\crop.svg,,
20240903084944902,20240903,084944902,cross,./input/icons\cross.svg,,
20240903084944903,20240903,084944903,crosshair,./input/icons\crosshair.svg,,
20240903084944904,20240903,084944904,crown,./input/icons\crown.svg,,
20240903084944905,20240903,084944905,cup-soda,./input/icons\cup-soda.svg,,
20240903084944906,20240903,084944906,currency,./input/icons\currency.svg,,
20240903084944907,20240903,084944907,database-backup,./input/icons\database-backup.svg,,
20240903084944908,20240903,084944908,database,./input/icons\database.svg,,
20240903084944909,20240903,084944909,delete,./input/icons\delete.svg,,
20240903084944910,20240903,084944910,dessert,./input/icons\dessert.svg,,
20240903084944911,20240903,084944911,diamond,./input/icons\diamond.svg,,
20240903084944912,20240903,084944912,dice-1,./input/icons\dice-1.svg,,
20240903084944913,20240903,084944913,dice-2,./input/icons\dice-2.svg,,
20240903084944914,20240903,084944914,dice-3,./input/icons\dice-3.svg,,
20240903084944915,20240903,084944915,dice-4,./input/icons\dice-4.svg,,
20240903084944916,20240903,084944916,dice-5,./input/icons\dice-5.svg,,
20240903084944917,20240903,084944917,dice-6,./input/icons\dice-6.svg,,
20240903084944918,20240903,084944918,dices,./input/icons\dices.svg,,
20240903084944919,20240903,084944919,diff,./input/icons\diff.svg,,
20240903084944920,20240903,084944920,disc-2,./input/icons\disc-2.svg,,
20240903084944921,20240903,084944921,disc-3,./input/icons\disc-3.svg,,
20240903084944922,20240903,084944922,disc,./input/icons\disc.svg,,
20240903084944923,20240903,084944923,divide-circle,./input/icons\divide-circle.svg,,
20240903084944924,20240903,084944924,divide-square,./input/icons\divide-square.svg,,
20240903084944925,20240903,084944925,divide,./input/icons\divide.svg,,
20240903084944926,20240903,084944926,dna-off,./input/icons\dna-off.svg,,
20240903084944927,20240903,084944927,dna,./input/icons\dna.svg,,
20240903084944928,20240903,084944928,dog,./input/icons\dog.svg,,
20240903084944929,20240903,084944929,dollar-sign,./input/icons\dollar-sign.svg,,
20240903084944930,20240903,084944930,donut,./input/icons\donut.svg,,
20240903084944931,20240903,084944931,door-closed,./input/icons\door-closed.svg,,
20240903084944932,20240903,084944932,door-open,./input/icons\door-open.svg,,
20240903084944933,20240903,084944933,dot,./input/icons\dot.svg,,
20240903084944934,20240903,084944934,download-cloud,./input/icons\download-cloud.svg,,
20240903084944935,20240903,084944935,download,./input/icons\download.svg,,
20240903084944936,20240903,084944936,dribbble,./input/icons\dribbble.svg,,
20240903084944937,20240903,084944937,droplet,./input/icons\droplet.svg,,
20240903084944938,20240903,084944938,droplets,./input/icons\droplets.svg,,
20240903084944939,20240903,084944939,drumstick,./input/icons\drumstick.svg,,
20240903084944940,20240903,084944940,dumbbell,./input/icons\dumbbell.svg,,
20240903084944941,20240903,084944941,ear-off,./input/icons\ear-off.svg,,
20240903084944942,20240903,084944942,ear,./input/icons\ear.svg,,
20240903084944943,20240903,084944943,edit-2,./input/icons\edit-2.svg,,
20240903084944944,20240903,084944944,edit-3,./input/icons\edit-3.svg,,
20240903084944945,20240903,084944945,edit,./input/icons\edit.svg,,
20240903084944946,20240903,084944946,egg-fried,./input/icons\egg-fried.svg,,
20240903084944947,20240903,084944947,egg-off,./input/icons\egg-off.svg,,
20240903084944948,20240903,084944948,egg,./input/icons\egg.svg,,
20240903084944949,20240903,084944949,equal-not,./input/icons\equal-not.svg,,
20240903084944950,20240903,084944950,equal,./input/icons\equal.svg,,
20240903084944951,20240903,084944951,eraser,./input/icons\eraser.svg,,
20240903084944952,20240903,084944952,euro,./input/icons\euro.svg,,
20240903084944953,20240903,084944953,expand,./input/icons\expand.svg,,
20240903084944954,20240903,084944954,external-link,./input/icons\external-link.svg,,
20240903084944955,20240903,084944955,eye-off,./input/icons\eye-off.svg,,
20240903084944956,20240903,084944956,eye,./input/icons\eye.svg,,
20240903084944957,20240903,084944957,facebook,./input/icons\facebook.svg,,
20240903084944958,20240903,084944958,factory,./input/icons\factory.svg,,
20240903084944959,20240903,084944959,fan,./input/icons\fan.svg,,
20240903084944960,20240903,084944960,fast-forward,./input/icons\fast-forward.svg,,
20240903084944961,20240903,084944961,feather,./input/icons\feather.svg,,
20240903084944962,20240903,084944962,ferris-wheel,./input/icons\ferris-wheel.svg,,
20240903084944963,20240903,084944963,figma,./input/icons\figma.svg,,
20240903084944964,20240903,084944964,file-archive,./input/icons\file-archive.svg,,
20240903084944965,20240903,084944965,file-audio-2,./input/icons\file-audio-2.svg,,
20240903084944966,20240903,084944966,file-audio,./input/icons\file-audio.svg,,
20240903084944967,20240903,084944967,file-axis-3d,./input/icons\file-axis-3d.svg,,
20240903084944968,20240903,084944968,file-badge-2,./input/icons\file-badge-2.svg,,
20240903084944969,20240903,084944969,file-badge,./input/icons\file-badge.svg,,
20240903084944970,20240903,084944970,file-bar-chart-2,./input/icons\file-bar-chart-2.svg,,
20240903084944971,20240903,084944971,file-bar-chart,./input/icons\file-bar-chart.svg,,
20240903084944972,20240903,084944972,file-box,./input/icons\file-box.svg,,
20240903084944973,20240903,084944973,file-check-2,./input/icons\file-check-2.svg,,
20240903084944974,20240903,084944974,file-check,./input/icons\file-check.svg,,
20240903084944975,20240903,084944975,file-clock,./input/icons\file-clock.svg,,
20240903084944976,20240903,084944976,file-code-2,./input/icons\file-code-2.svg,,
20240903084944977,20240903,084944977,file-code,./input/icons\file-code.svg,,
20240903084944978,20240903,084944978,file-cog-2,./input/icons\file-cog-2.svg,,
20240903084944979,20240903,084944979,file-cog,./input/icons\file-cog.svg,,
20240903084944980,20240903,084944980,file-diff,./input/icons\file-diff.svg,,
20240903084944981,20240903,084944981,file-digit,./input/icons\file-digit.svg,,
20240903084944982,20240903,084944982,file-down,./input/icons\file-down.svg,,
20240903084944983,20240903,084944983,file-edit,./input/icons\file-edit.svg,,
20240903084944984,20240903,084944984,file-heart,./input/icons\file-heart.svg,,
20240903084944985,20240903,084944985,file-image,./input/icons\file-image.svg,,
20240903084944986,20240903,084944986,file-input,./input/icons\file-input.svg,,
20240903084944987,20240903,084944987,file-json-2,./input/icons\file-json-2.svg,,
20240903084944988,20240903,084944988,file-json,./input/icons\file-json.svg,,
20240903084944989,20240903,084944989,file-key-2,./input/icons\file-key-2.svg,,
20240903084944990,20240903,084944990,file-key,./input/icons\file-key.svg,,
20240903084944991,20240903,084944991,file-line-chart,./input/icons\file-line-chart.svg,,
20240903084944992,20240903,084944992,file-lock-2,./input/icons\file-lock-2.svg,,
20240903084944993,20240903,084944993,file-lock,./input/icons\file-lock.svg,,
20240903084944994,20240903,084944994,file-minus-2,./input/icons\file-minus-2.svg,,
20240903084944995,20240903,084944995,file-minus,./input/icons\file-minus.svg,,
20240903084944996,20240903,084944996,file-output,./input/icons\file-output.svg,,
20240903084944997,20240903,084944997,file-pie-chart,./input/icons\file-pie-chart.svg,,
20240903084944998,20240903,084944998,file-plus-2,./input/icons\file-plus-2.svg,,
20240903084944999,20240903,084944999,file-plus,./input/icons\file-plus.svg,,
20240903084945000,20240903,084945000,file-question,./input/icons\file-question.svg,,
20240903084945001,20240903,084945001,file-scan,./input/icons\file-scan.svg,,
20240903084945002,20240903,084945002,file-search-2,./input/icons\file-search-2.svg,,
20240903084945003,20240903,084945003,file-search,./input/icons\file-search.svg,,
20240903084945004,20240903,084945004,file-signature,./input/icons\file-signature.svg,,
20240903084945005,20240903,084945005,file-spreadsheet,./input/icons\file-spreadsheet.svg,,
20240903084945006,20240903,084945006,file-stack,./input/icons\file-stack.svg,,
20240903084945007,20240903,084945007,file-symlink,./input/icons\file-symlink.svg,,
20240903084945008,20240903,084945008,file-terminal,./input/icons\file-terminal.svg,,
20240903084945009,20240903,084945009,file-text,./input/icons\file-text.svg,,
20240903084945010,20240903,084945010,file-type-2,./input/icons\file-type-2.svg,,
20240903084945011,20240903,084945011,file-type,./input/icons\file-type.svg,,
20240903084945012,20240903,084945012,file-up,./input/icons\file-up.svg,,
20240903084945013,20240903,084945013,file-video-2,./input/icons\file-video-2.svg,,
20240903084945014,20240903,084945014,file-video,./input/icons\file-video.svg,,
20240903084945015,20240903,084945015,file-volume-2,./input/icons\file-volume-2.svg,,
20240903084945016,20240903,084945016,file-volume,./input/icons\file-volume.svg,,
20240903084945017,20240903,084945017,file-warning,./input/icons\file-warning.svg,,
20240903084945018,20240903,084945018,file-x-2,./input/icons\file-x-2.svg,,
20240903084945019,20240903,084945019,file-x,./input/icons\file-x.svg,,
20240903084945020,20240903,084945020,file,./input/icons\file.svg,,
20240903084945021,20240903,084945021,files,./input/icons\files.svg,,
20240903084945022,20240903,084945022,film,./input/icons\film.svg,,
20240903084945023,20240903,084945023,filter-x,./input/icons\filter-x.svg,,
20240903084945024,20240903,084945024,filter,./input/icons\filter.svg,,
20240903084945025,20240903,084945025,fingerprint,./input/icons\fingerprint.svg,,
20240903084945026,20240903,084945026,fish-off,./input/icons\fish-off.svg,,
20240903084945027,20240903,084945027,fish,./input/icons\fish.svg,,
20240903084945028,20240903,084945028,flag-off,./input/icons\flag-off.svg,,
20240903084945029,20240903,084945029,flag-triangle-left,./input/icons\flag-triangle-left.svg,,
20240903084945030,20240903,084945030,flag-triangle-right,./input/icons\flag-triangle-right.svg,,
20240903084945031,20240903,084945031,flag,./input/icons\flag.svg,,
20240903084945032,20240903,084945032,flame,./input/icons\flame.svg,,
20240903084945033,20240903,084945033,flashlight-off,./input/icons\flashlight-off.svg,,
20240903084945034,20240903,084945034,flashlight,./input/icons\flashlight.svg,,
20240903084945035,20240903,084945035,flask-conical-off,./input/icons\flask-conical-off.svg,,
20240903084945036,20240903,084945036,flask-conical,./input/icons\flask-conical.svg,,
20240903084945037,20240903,084945037,flask-round,./input/icons\flask-round.svg,,
20240903084945038,20240903,084945038,flip-horizontal-2,./input/icons\flip-horizontal-2.svg,,
20240903084945039,20240903,084945039,flip-horizontal,./input/icons\flip-horizontal.svg,,
20240903084945040,20240903,084945040,flip-vertical-2,./input/icons\flip-vertical-2.svg,,
20240903084945041,20240903,084945041,flip-vertical,./input/icons\flip-vertical.svg,,
20240903084945042,20240903,084945042,flower-2,./input/icons\flower-2.svg,,
20240903084945043,20240903,084945043,flower,./input/icons\flower.svg,,
20240903084945044,20240903,084945044,focus,./input/icons\focus.svg,,
20240903084945045,20240903,084945045,fold-horizontal,./input/icons\fold-horizontal.svg,,
20240903084945046,20240903,084945046,fold-vertical,./input/icons\fold-vertical.svg,,
20240903084945047,20240903,084945047,folder-archive,./input/icons\folder-archive.svg,,
20240903084945048,20240903,084945048,folder-check,./input/icons\folder-check.svg,,
20240903084945049,20240903,084945049,folder-clock,./input/icons\folder-clock.svg,,
20240903084945050,20240903,084945050,folder-closed,./input/icons\folder-closed.svg,,
20240903084945051,20240903,084945051,folder-cog-2,./input/icons\folder-cog-2.svg,,
20240903084945052,20240903,084945052,folder-cog,./input/icons\folder-cog.svg,,
20240903084945053,20240903,084945053,folder-down,./input/icons\folder-down.svg,,
20240903084945054,20240903,084945054,folder-edit,./input/icons\folder-edit.svg,,
20240903084945055,20240903,084945055,folder-git-2,./input/icons\folder-git-2.svg,,
20240903084945056,20240903,084945056,folder-git,./input/icons\folder-git.svg,,
20240903084945057,20240903,084945057,folder-heart,./input/icons\folder-heart.svg,,
20240903084945058,20240903,084945058,folder-input,./input/icons\folder-input.svg,,
20240903084945059,20240903,084945059,folder-key,./input/icons\folder-key.svg,,
20240903084945060,20240903,084945060,folder-lock,./input/icons\folder-lock.svg,,
20240903084945061,20240903,084945061,folder-minus,./input/icons\folder-minus.svg,,
20240903084945062,20240903,084945062,folder-open,./input/icons\folder-open.svg,,
20240903084945063,20240903,084945063,folder-output,./input/icons\folder-output.svg,,
20240903084945064,20240903,084945064,folder-plus,./input/icons\folder-plus.svg,,
20240903084945065,20240903,084945065,folder-search-2,./input/icons\folder-search-2.svg,,
20240903084945066,20240903,084945066,folder-search,./input/icons\folder-search.svg,,
20240903084945067,20240903,084945067,folder-symlink,./input/icons\folder-symlink.svg,,
20240903084945068,20240903,084945068,folder-tree,./input/icons\folder-tree.svg,,
20240903084945069,20240903,084945069,folder-up,./input/icons\folder-up.svg,,
20240903084945070,20240903,084945070,folder-x,./input/icons\folder-x.svg,,
20240903084945071,20240903,084945071,folder,./input/icons\folder.svg,,
20240903084945072,20240903,084945072,folders,./input/icons\folders.svg,,
20240903084945073,20240903,084945073,footprints,./input/icons\footprints.svg,,
20240903084945074,20240903,084945074,forklift,./input/icons\forklift.svg,,
20240903084945075,20240903,084945075,form-input,./input/icons\form-input.svg,,
20240903084945076,20240903,084945076,forward,./input/icons\forward.svg,,
20240903084945077,20240903,084945077,frame,./input/icons\frame.svg,,
20240903084945078,20240903,084945078,framer,./input/icons\framer.svg,,
20240903084945079,20240903,084945079,frown,./input/icons\frown.svg,,
20240903084945080,20240903,084945080,fuel,./input/icons\fuel.svg,,
20240903084945081,20240903,084945081,function-square,./input/icons\function-square.svg,,
20240903084945082,20240903,084945082,gamepad-2,./input/icons\gamepad-2.svg,,
20240903084945083,20240903,084945083,gamepad,./input/icons\gamepad.svg,,
20240903084945084,20240903,084945084,gauge,./input/icons\gauge.svg,,
20240903084945085,20240903,084945085,gavel,./input/icons\gavel.svg,,
20240903084945086,20240903,084945086,gem,./input/icons\gem.svg,,
20240903084945087,20240903,084945087,ghost,./input/icons\ghost.svg,,
20240903084945088,20240903,084945088,gift,./input/icons\gift.svg,,
20240903084945089,20240903,084945089,git-branch-plus,./input/icons\git-branch-plus.svg,,
20240903084945090,20240903,084945090,git-branch,./input/icons\git-branch.svg,,
20240903084945091,20240903,084945091,git-commit,./input/icons\git-commit.svg,,
20240903084945092,20240903,084945092,git-compare,./input/icons\git-compare.svg,,
20240903084945093,20240903,084945093,git-fork,./input/icons\git-fork.svg,,
20240903084945094,20240903,084945094,git-merge,./input/icons\git-merge.svg,,
20240903084945095,20240903,084945095,git-pull-request-closed,./input/icons\git-pull-request-closed.svg,,
20240903084945096,20240903,084945096,git-pull-request-draft,./input/icons\git-pull-request-draft.svg,,
20240903084945097,20240903,084945097,git-pull-request,./input/icons\git-pull-request.svg,,
20240903084945098,20240903,084945098,github,./input/icons\github.svg,,
20240903084945099,20240903,084945099,gitlab,./input/icons\gitlab.svg,,
20240903084945100,20240903,084945100,glass-water,./input/icons\glass-water.svg,,
20240903084945101,20240903,084945101,glasses,./input/icons\glasses.svg,,
20240903084945102,20240903,084945102,globe-2,./input/icons\globe-2.svg,,
20240903084945103,20240903,084945103,globe,./input/icons\globe.svg,,
20240903084945104,20240903,084945104,goal,./input/icons\goal.svg,,
20240903084945105,20240903,084945105,grab,./input/icons\grab.svg,,
20240903084945106,20240903,084945106,graduation-cap,./input/icons\graduation-cap.svg,,
20240903084945107,20240903,084945107,grape,./input/icons\grape.svg,,
20240903084945108,20240903,084945108,grid,./input/icons\grid.svg,,
20240903084945109,20240903,084945109,grip-horizontal,./input/icons\grip-horizontal.svg,,
20240903084945110,20240903,084945110,grip-vertical,./input/icons\grip-vertical.svg,,
20240903084945111,20240903,084945111,grip,./input/icons\grip.svg,,
20240903084945112,20240903,084945112,group,./input/icons\group.svg,,
20240903084945113,20240903,084945113,hammer,./input/icons\hammer.svg,,
20240903084945114,20240903,084945114,hand-metal,./input/icons\hand-metal.svg,,
20240903084945115,20240903,084945115,hand,./input/icons\hand.svg,,
20240903084945116,20240903,084945116,hard-drive,./input/icons\hard-drive.svg,,
20240903084945117,20240903,084945117,hard-hat,./input/icons\hard-hat.svg,,
20240903084945118,20240903,084945118,hash,./input/icons\hash.svg,,
20240903084945119,20240903,084945119,haze,./input/icons\haze.svg,,
20240903084945120,20240903,084945120,heading-1,./input/icons\heading-1.svg,,
20240903084945121,20240903,084945121,heading-2,./input/icons\heading-2.svg,,
20240903084945122,20240903,084945122,heading-3,./input/icons\heading-3.svg,,
20240903084945123,20240903,084945123,heading-4,./input/icons\heading-4.svg,,
20240903084945124,20240903,084945124,heading-5,./input/icons\heading-5.svg,,
20240903084945125,20240903,084945125,heading-6,./input/icons\heading-6.svg,,
20240903084945126,20240903,084945126,heading,./input/icons\heading.svg,,
20240903084945127,20240903,084945127,headphones,./input/icons\headphones.svg,,
20240903084945128,20240903,084945128,heart-crack,./input/icons\heart-crack.svg,,
20240903084945129,20240903,084945129,heart-handshake,./input/icons\heart-handshake.svg,,
20240903084945130,20240903,084945130,heart-off,./input/icons\heart-off.svg,,
20240903084945131,20240903,084945131,heart-pulse,./input/icons\heart-pulse.svg,,
20240903084945132,20240903,084945132,heart,./input/icons\heart.svg,,
20240903084945133,20240903,084945133,help-circle,./input/icons\help-circle.svg,,
20240903084945134,20240903,084945134,helping-hand,./input/icons\helping-hand.svg,,
20240903084945135,20240903,084945135,hexagon,./input/icons\hexagon.svg,,
20240903084945136,20240903,084945136,highlighter,./input/icons\highlighter.svg,,
20240903084945137,20240903,084945137,history,./input/icons\history.svg,,
20240903084945138,20240903,084945138,home,./input/icons\home.svg,,
20240903084945139,20240903,084945139,hop-off,./input/icons\hop-off.svg,,
20240903084945140,20240903,084945140,hop,./input/icons\hop.svg,,
20240903084945141,20240903,084945141,hotel,./input/icons\hotel.svg,,
20240903084945142,20240903,084945142,hourglass,./input/icons\hourglass.svg,,
20240903084945143,20240903,084945143,ice-cream-2,./input/icons\ice-cream-2.svg,,
20240903084945144,20240903,084945144,ice-cream,./input/icons\ice-cream.svg,,
20240903084945145,20240903,084945145,image-minus,./input/icons\image-minus.svg,,
20240903084945146,20240903,084945146,image-off,./input/icons\image-off.svg,,
20240903084945147,20240903,084945147,image-plus,./input/icons\image-plus.svg,,
20240903084945148,20240903,084945148,image,./input/icons\image.svg,,
20240903084945149,20240903,084945149,import,./input/icons\import.svg,,
20240903084945150,20240903,084945150,inbox,./input/icons\inbox.svg,,
20240903084945151,20240903,084945151,indent,./input/icons\indent.svg,,
20240903084945152,20240903,084945152,indian-rupee,./input/icons\indian-rupee.svg,,
20240903084945153,20240903,084945153,infinity,./input/icons\infinity.svg,,
20240903084945154,20240903,084945154,info,./input/icons\info.svg,,
20240903084945155,20240903,084945155,inspect,./input/icons\inspect.svg,,
20240903084945156,20240903,084945156,instagram,./input/icons\instagram.svg,,
20240903084945157,20240903,084945157,italic,./input/icons\italic.svg,,
20240903084945158,20240903,084945158,iteration-ccw,./input/icons\iteration-ccw.svg,,
20240903084945159,20240903,084945159,iteration-cw,./input/icons\iteration-cw.svg,,
20240903084945160,20240903,084945160,japanese-yen,./input/icons\japanese-yen.svg,,
20240903084945161,20240903,084945161,joystick,./input/icons\joystick.svg,,
20240903084945162,20240903,084945162,key-round,./input/icons\key-round.svg,,
20240903084945163,20240903,084945163,key-square,./input/icons\key-square.svg,,
20240903084945164,20240903,084945164,key,./input/icons\key.svg,,
20240903084945165,20240903,084945165,keyboard,./input/icons\keyboard.svg,,
20240903084945166,20240903,084945166,lamp-ceiling,./input/icons\lamp-ceiling.svg,,
20240903084945167,20240903,084945167,lamp-desk,./input/icons\lamp-desk.svg,,
20240903084945168,20240903,084945168,lamp-floor,./input/icons\lamp-floor.svg,,
20240903084945169,20240903,084945169,lamp-wall-down,./input/icons\lamp-wall-down.svg,,
20240903084945170,20240903,084945170,lamp-wall-up,./input/icons\lamp-wall-up.svg,,
20240903084945171,20240903,084945171,lamp,./input/icons\lamp.svg,,
20240903084945172,20240903,084945172,landmark,./input/icons\landmark.svg,,
20240903084945173,20240903,084945173,languages,./input/icons\languages.svg,,
20240903084945174,20240903,084945174,laptop-2,./input/icons\laptop-2.svg,,
20240903084945175,20240903,084945175,laptop,./input/icons\laptop.svg,,
20240903084945176,20240903,084945176,lasso-select,./input/icons\lasso-select.svg,,
20240903084945177,20240903,084945177,lasso,./input/icons\lasso.svg,,
20240903084945178,20240903,084945178,laugh,./input/icons\laugh.svg,,
20240903084945179,20240903,084945179,layers,./input/icons\layers.svg,,
20240903084945180,20240903,084945180,layout-dashboard,./input/icons\layout-dashboard.svg,,
20240903084945181,20240903,084945181,layout-grid,./input/icons\layout-grid.svg,,
20240903084945182,20240903,084945182,layout-list,./input/icons\layout-list.svg,,
20240903084945183,20240903,084945183,layout-panel-left,./input/icons\layout-panel-left.svg,,
20240903084945184,20240903,084945184,layout-panel-top,./input/icons\layout-panel-top.svg,,
20240903084945185,20240903,084945185,layout-template,./input/icons\layout-template.svg,,
20240903084945186,20240903,084945186,layout,./input/icons\layout.svg,,
20240903084945187,20240903,084945187,leaf,./input/icons\leaf.svg,,
20240903084945188,20240903,084945188,leafy-green,./input/icons\leafy-green.svg,,
20240903084945189,20240903,084945189,library,./input/icons\library.svg,,
20240903084945190,20240903,084945190,life-buoy,./input/icons\life-buoy.svg,,
20240903084945191,20240903,084945191,ligature,./input/icons\ligature.svg,,
20240903084945192,20240903,084945192,lightbulb-off,./input/icons\lightbulb-off.svg,,
20240903084945193,20240903,084945193,lightbulb,./input/icons\lightbulb.svg,,
20240903084945194,20240903,084945194,line-chart,./input/icons\line-chart.svg,,
20240903084945195,20240903,084945195,link-2-off,./input/icons\link-2-off.svg,,
20240903084945196,20240903,084945196,link-2,./input/icons\link-2.svg,,
20240903084945197,20240903,084945197,link,./input/icons\link.svg,,
20240903084945198,20240903,084945198,linkedin,./input/icons\linkedin.svg,,
20240903084945199,20240903,084945199,list-checks,./input/icons\list-checks.svg,,
20240903084945200,20240903,084945200,list-end,./input/icons\list-end.svg,,
20240903084945201,20240903,084945201,list-filter,./input/icons\list-filter.svg,,
20240903084945202,20240903,084945202,list-minus,./input/icons\list-minus.svg,,
20240903084945203,20240903,084945203,list-music,./input/icons\list-music.svg,,
20240903084945204,20240903,084945204,list-ordered,./input/icons\list-ordered.svg,,
20240903084945205,20240903,084945205,list-plus,./input/icons\list-plus.svg,,
20240903084945206,20240903,084945206,list-restart,./input/icons\list-restart.svg,,
20240903084945207,20240903,084945207,list-start,./input/icons\list-start.svg,,
20240903084945208,20240903,084945208,list-tree,./input/icons\list-tree.svg,,
20240903084945209,20240903,084945209,list-video,./input/icons\list-video.svg,,
20240903084945210,20240903,084945210,list-x,./input/icons\list-x.svg,,
20240903084945211,20240903,084945211,list,./input/icons\list.svg,,
20240903084945212,20240903,084945212,loader-2,./input/icons\loader-2.svg,,
20240903084945213,20240903,084945213,loader,./input/icons\loader.svg,,
20240903084945214,20240903,084945214,locate-fixed,./input/icons\locate-fixed.svg,,
20240903084945215,20240903,084945215,locate-off,./input/icons\locate-off.svg,,
20240903084945216,20240903,084945216,locate,./input/icons\locate.svg,,
20240903084945217,20240903,084945217,lock,./input/icons\lock.svg,,
20240903084945218,20240903,084945218,log-in,./input/icons\log-in.svg,,
20240903084945219,20240903,084945219,log-out,./input/icons\log-out.svg,,
20240903084945220,20240903,084945220,lollipop,./input/icons\lollipop.svg,,
20240903084945221,20240903,084945221,luggage,./input/icons\luggage.svg,,
20240903084945222,20240903,084945222,magnet,./input/icons\magnet.svg,,
20240903084945223,20240903,084945223,mail-check,./input/icons\mail-check.svg,,
20240903084945224,20240903,084945224,mail-minus,./input/icons\mail-minus.svg,,
20240903084945225,20240903,084945225,mail-open,./input/icons\mail-open.svg,,
20240903084945226,20240903,084945226,mail-plus,./input/icons\mail-plus.svg,,
20240903084945227,20240903,084945227,mail-question,./input/icons\mail-question.svg,,
20240903084945228,20240903,084945228,mail-search,./input/icons\mail-search.svg,,
20240903084945229,20240903,084945229,mail-warning,./input/icons\mail-warning.svg,,
20240903084945230,20240903,084945230,mail-x,./input/icons\mail-x.svg,,
20240903084945231,20240903,084945231,mail,./input/icons\mail.svg,,
20240903084945232,20240903,084945232,mailbox,./input/icons\mailbox.svg,,
20240903084945233,20240903,084945233,mails,./input/icons\mails.svg,,
20240903084945234,20240903,084945234,map-pin-off,./input/icons\map-pin-off.svg,,
20240903084945235,20240903,084945235,map-pin,./input/icons\map-pin.svg,,
20240903084945236,20240903,084945236,map,./input/icons\map.svg,,
20240903084945237,20240903,084945237,martini,./input/icons\martini.svg,,
20240903084945238,20240903,084945238,maximize-2,./input/icons\maximize-2.svg,,
20240903084945239,20240903,084945239,maximize,./input/icons\maximize.svg,,
20240903084945240,20240903,084945240,medal,./input/icons\medal.svg,,
20240903084945241,20240903,084945241,megaphone-off,./input/icons\megaphone-off.svg,,
20240903084945242,20240903,084945242,megaphone,./input/icons\megaphone.svg,,
20240903084945243,20240903,084945243,meh,./input/icons\meh.svg,,
20240903084945244,20240903,084945244,memory-stick,./input/icons\memory-stick.svg,,
20240903084945245,20240903,084945245,menu-square,./input/icons\menu-square.svg,,
20240903084945246,20240903,084945246,menu,./input/icons\menu.svg,,
20240903084945247,20240903,084945247,merge,./input/icons\merge.svg,,
20240903084945248,20240903,084945248,message-circle,./input/icons\message-circle.svg,,
20240903084945249,20240903,084945249,message-square-dashed,./input/icons\message-square-dashed.svg,,
20240903084945250,20240903,084945250,message-square-plus,./input/icons\message-square-plus.svg,,
20240903084945251,20240903,084945251,message-square,./input/icons\message-square.svg,,
20240903084945252,20240903,084945252,messages-square,./input/icons\messages-square.svg,,
20240903084945253,20240903,084945253,mic-2,./input/icons\mic-2.svg,,
20240903084945254,20240903,084945254,mic-off,./input/icons\mic-off.svg,,
20240903084945255,20240903,084945255,mic,./input/icons\mic.svg,,
20240903084945256,20240903,084945256,microscope,./input/icons\microscope.svg,,
20240903084945257,20240903,084945257,microwave,./input/icons\microwave.svg,,
20240903084945258,20240903,084945258,milestone,./input/icons\milestone.svg,,
20240903084945259,20240903,084945259,milk-off,./input/icons\milk-off.svg,,
20240903084945260,20240903,084945260,milk,./input/icons\milk.svg,,
20240903084945261,20240903,084945261,minimize-2,./input/icons\minimize-2.svg,,
20240903084945262,20240903,084945262,minimize,./input/icons\minimize.svg,,
20240903084945263,20240903,084945263,minus-circle,./input/icons\minus-circle.svg,,
20240903084945264,20240903,084945264,minus-square,./input/icons\minus-square.svg,,
20240903084945265,20240903,084945265,minus,./input/icons\minus.svg,,
20240903084945266,20240903,084945266,monitor-check,./input/icons\monitor-check.svg,,
20240903084945267,20240903,084945267,monitor-dot,./input/icons\monitor-dot.svg,,
20240903084945268,20240903,084945268,monitor-down,./input/icons\monitor-down.svg,,
20240903084945269,20240903,084945269,monitor-off,./input/icons\monitor-off.svg,,
20240903084945270,20240903,084945270,monitor-pause,./input/icons\monitor-pause.svg,,
20240903084945271,20240903,084945271,monitor-play,./input/icons\monitor-play.svg,,
20240903084945272,20240903,084945272,monitor-smartphone,./input/icons\monitor-smartphone.svg,,
20240903084945273,20240903,084945273,monitor-speaker,./input/icons\monitor-speaker.svg,,
20240903084945274,20240903,084945274,monitor-stop,./input/icons\monitor-stop.svg,,
20240903084945275,20240903,084945275,monitor-up,./input/icons\monitor-up.svg,,
20240903084945276,20240903,084945276,monitor-x,./input/icons\monitor-x.svg,,
20240903084945277,20240903,084945277,monitor,./input/icons\monitor.svg,,
20240903084945278,20240903,084945278,moon-star,./input/icons\moon-star.svg,,
20240903084945279,20240903,084945279,moon,./input/icons\moon.svg,,
20240903084945280,20240903,084945280,more-horizontal,./input/icons\more-horizontal.svg,,
20240903084945281,20240903,084945281,more-vertical,./input/icons\more-vertical.svg,,
20240903084945282,20240903,084945282,mountain-snow,./input/icons\mountain-snow.svg,,
20240903084945283,20240903,084945283,mountain,./input/icons\mountain.svg,,
20240903084945284,20240903,084945284,mouse-pointer-2,./input/icons\mouse-pointer-2.svg,,
20240903084945285,20240903,084945285,mouse-pointer-click,./input/icons\mouse-pointer-click.svg,,
20240903084945286,20240903,084945286,mouse-pointer,./input/icons\mouse-pointer.svg,,
20240903084945287,20240903,084945287,mouse,./input/icons\mouse.svg,,
20240903084945288,20240903,084945288,move-3d,./input/icons\move-3d.svg,,
20240903084945289,20240903,084945289,move-diagonal-2,./input/icons\move-diagonal-2.svg,,
20240903084945290,20240903,084945290,move-diagonal,./input/icons\move-diagonal.svg,,
20240903084945291,20240903,084945291,move-down-left,./input/icons\move-down-left.svg,,
20240903084945292,20240903,084945292,move-down-right,./input/icons\move-down-right.svg,,
20240903084945293,20240903,084945293,move-down,./input/icons\move-down.svg,,
20240903084945294,20240903,084945294,move-horizontal,./input/icons\move-horizontal.svg,,
20240903084945295,20240903,084945295,move-left,./input/icons\move-left.svg,,
20240903084945296,20240903,084945296,move-right,./input/icons\move-right.svg,,
20240903084945297,20240903,084945297,move-up-left,./input/icons\move-up-left.svg,,
20240903084945298,20240903,084945298,move-up-right,./input/icons\move-up-right.svg,,
20240903084945299,20240903,084945299,move-up,./input/icons\move-up.svg,,
20240903084945300,20240903,084945300,move-vertical,./input/icons\move-vertical.svg,,
20240903084945301,20240903,084945301,move,./input/icons\move.svg,,
20240903084945302,20240903,084945302,music-2,./input/icons\music-2.svg,,
20240903084945303,20240903,084945303,music-3,./input/icons\music-3.svg,,
20240903084945304,20240903,084945304,music-4,./input/icons\music-4.svg,,
20240903084945305,20240903,084945305,music,./input/icons\music.svg,,
20240903084945306,20240903,084945306,navigation-2-off,./input/icons\navigation-2-off.svg,,
20240903084945307,20240903,084945307,navigation-2,./input/icons\navigation-2.svg,,
20240903084945308,20240903,084945308,navigation-off,./input/icons\navigation-off.svg,,
20240903084945309,20240903,084945309,navigation,./input/icons\navigation.svg,,
20240903084945310,20240903,084945310,network,./input/icons\network.svg,,
20240903084945311,20240903,084945311,newspaper,./input/icons\newspaper.svg,,
20240903084945312,20240903,084945312,nfc,./input/icons\nfc.svg,,
20240903084945313,20240903,084945313,nut-off,./input/icons\nut-off.svg,,
20240903084945314,20240903,084945314,nut,./input/icons\nut.svg,,
20240903084945315,20240903,084945315,octagon,./input/icons\octagon.svg,,
20240903084945316,20240903,084945316,option,./input/icons\option.svg,,
20240903084945317,20240903,084945317,orbit,./input/icons\orbit.svg,,
20240903084945318,20240903,084945318,outdent,./input/icons\outdent.svg,,
20240903084945319,20240903,084945319,package-2,./input/icons\package-2.svg,,
20240903084945320,20240903,084945320,package-check,./input/icons\package-check.svg,,
20240903084945321,20240903,084945321,package-minus,./input/icons\package-minus.svg,,
20240903084945322,20240903,084945322,package-open,./input/icons\package-open.svg,,
20240903084945323,20240903,084945323,package-plus,./input/icons\package-plus.svg,,
20240903084945324,20240903,084945324,package-search,./input/icons\package-search.svg,,
20240903084945325,20240903,084945325,package-x,./input/icons\package-x.svg,,
20240903084945326,20240903,084945326,package,./input/icons\package.svg,,
20240903084945327,20240903,084945327,paint-bucket,./input/icons\paint-bucket.svg,,
20240903084945328,20240903,084945328,paintbrush-2,./input/icons\paintbrush-2.svg,,
20240903084945329,20240903,084945329,paintbrush,./input/icons\paintbrush.svg,,
20240903084945330,20240903,084945330,palette,./input/icons\palette.svg,,
20240903084945331,20240903,084945331,palmtree,./input/icons\palmtree.svg,,
20240903084945332,20240903,084945332,panel-bottom-close,./input/icons\panel-bottom-close.svg,,
20240903084945333,20240903,084945333,panel-bottom-inactive,./input/icons\panel-bottom-inactive.svg,,
20240903084945334,20240903,084945334,panel-bottom-open,./input/icons\panel-bottom-open.svg,,
20240903084945335,20240903,084945335,panel-bottom,./input/icons\panel-bottom.svg,,
20240903084945336,20240903,084945336,panel-left-close,./input/icons\panel-left-close.svg,,
20240903084945337,20240903,084945337,panel-left-inactive,./input/icons\panel-left-inactive.svg,,
20240903084945338,20240903,084945338,panel-left-open,./input/icons\panel-left-open.svg,,
20240903084945339,20240903,084945339,panel-left,./input/icons\panel-left.svg,,
20240903084945340,20240903,084945340,panel-right-close,./input/icons\panel-right-close.svg,,
20240903084945341,20240903,084945341,panel-right-inactive,./input/icons\panel-right-inactive.svg,,
20240903084945342,20240903,084945342,panel-right-open,./input/icons\panel-right-open.svg,,
20240903084945343,20240903,084945343,panel-right,./input/icons\panel-right.svg,,
20240903084945344,20240903,084945344,panel-top-close,./input/icons\panel-top-close.svg,,
20240903084945345,20240903,084945345,panel-top-inactive,./input/icons\panel-top-inactive.svg,,
20240903084945346,20240903,084945346,panel-top-open,./input/icons\panel-top-open.svg,,
20240903084945347,20240903,084945347,panel-top,./input/icons\panel-top.svg,,
20240903084945348,20240903,084945348,paperclip,./input/icons\paperclip.svg,,
20240903084945349,20240903,084945349,parentheses,./input/icons\parentheses.svg,,
20240903084945350,20240903,084945350,parking-circle-off,./input/icons\parking-circle-off.svg,,
20240903084945351,20240903,084945351,parking-circle,./input/icons\parking-circle.svg,,
20240903084945352,20240903,084945352,parking-square-off,./input/icons\parking-square-off.svg,,
20240903084945353,20240903,084945353,parking-square,./input/icons\parking-square.svg,,
20240903084945354,20240903,084945354,party-popper,./input/icons\party-popper.svg,,
20240903084945355,20240903,084945355,pause-circle,./input/icons\pause-circle.svg,,
20240903084945356,20240903,084945356,pause-octagon,./input/icons\pause-octagon.svg,,
20240903084945357,20240903,084945357,pause,./input/icons\pause.svg,,
20240903084945358,20240903,084945358,pc-case,./input/icons\pc-case.svg,,
20240903084945359,20240903,084945359,pen-tool,./input/icons\pen-tool.svg,,
20240903084945360,20240903,084945360,pencil,./input/icons\pencil.svg,,
20240903084945361,20240903,084945361,percent,./input/icons\percent.svg,,
20240903084945362,20240903,084945362,person-standing,./input/icons\person-standing.svg,,
20240903084945363,20240903,084945363,phone-call,./input/icons\phone-call.svg,,
20240903084945364,20240903,084945364,phone-forwarded,./input/icons\phone-forwarded.svg,,
20240903084945365,20240903,084945365,phone-incoming,./input/icons\phone-incoming.svg,,
20240903084945366,20240903,084945366,phone-missed,./input/icons\phone-missed.svg,,
20240903084945367,20240903,084945367,phone-off,./input/icons\phone-off.svg,,
20240903084945368,20240903,084945368,phone-outgoing,./input/icons\phone-outgoing.svg,,
20240903084945369,20240903,084945369,phone,./input/icons\phone.svg,,
20240903084945370,20240903,084945370,pi-square,./input/icons\pi-square.svg,,
20240903084945371,20240903,084945371,pi,./input/icons\pi.svg,,
20240903084945372,20240903,084945372,picture-in-picture-2,./input/icons\picture-in-picture-2.svg,,
20240903084945373,20240903,084945373,picture-in-picture,./input/icons\picture-in-picture.svg,,
20240903084945374,20240903,084945374,pie-chart,./input/icons\pie-chart.svg,,
20240903084945375,20240903,084945375,piggy-bank,./input/icons\piggy-bank.svg,,
20240903084945376,20240903,084945376,pilcrow-square,./input/icons\pilcrow-square.svg,,
20240903084945377,20240903,084945377,pilcrow,./input/icons\pilcrow.svg,,
20240903084945378,20240903,084945378,pill,./input/icons\pill.svg,,
20240903084945379,20240903,084945379,pin-off,./input/icons\pin-off.svg,,
20240903084945380,20240903,084945380,pin,./input/icons\pin.svg,,
20240903084945381,20240903,084945381,pipette,./input/icons\pipette.svg,,
20240903084945382,20240903,084945382,pizza,./input/icons\pizza.svg,,
20240903084945383,20240903,084945383,plane-landing,./input/icons\plane-landing.svg,,
20240903084945384,20240903,084945384,plane-takeoff,./input/icons\plane-takeoff.svg,,
20240903084945385,20240903,084945385,plane,./input/icons\plane.svg,,
20240903084945386,20240903,084945386,play-circle,./input/icons\play-circle.svg,,
20240903084945387,20240903,084945387,play-square,./input/icons\play-square.svg,,
20240903084945388,20240903,084945388,play,./input/icons\play.svg,,
20240903084945389,20240903,084945389,plug-2,./input/icons\plug-2.svg,,
20240903084945390,20240903,084945390,plug-zap-2,./input/icons\plug-zap-2.svg,,
20240903084945391,20240903,084945391,plug-zap,./input/icons\plug-zap.svg,,
20240903084945392,20240903,084945392,plug,./input/icons\plug.svg,,
20240903084945393,20240903,084945393,plus-circle,./input/icons\plus-circle.svg,,
20240903084945394,20240903,084945394,plus-square,./input/icons\plus-square.svg,,
20240903084945395,20240903,084945395,plus,./input/icons\plus.svg,,
20240903084945396,20240903,084945396,pocket-knife,./input/icons\pocket-knife.svg,,
20240903084945397,20240903,084945397,pocket,./input/icons\pocket.svg,,
20240903084945398,20240903,084945398,podcast,./input/icons\podcast.svg,,
20240903084945399,20240903,084945399,pointer,./input/icons\pointer.svg,,
20240903084945400,20240903,084945400,popcorn,./input/icons\popcorn.svg,,
20240903084945401,20240903,084945401,popsicle,./input/icons\popsicle.svg,,
20240903084945402,20240903,084945402,pound-sterling,./input/icons\pound-sterling.svg,,
20240903084945403,20240903,084945403,power-off,./input/icons\power-off.svg,,
20240903084945404,20240903,084945404,power,./input/icons\power.svg,,
20240903084945405,20240903,084945405,presentation,./input/icons\presentation.svg,,
20240903084945406,20240903,084945406,printer,./input/icons\printer.svg,,
20240903084945407,20240903,084945407,projector,./input/icons\projector.svg,,
20240903084945408,20240903,084945408,puzzle,./input/icons\puzzle.svg,,
20240903084945409,20240903,084945409,qr-code,./input/icons\qr-code.svg,,
20240903084945410,20240903,084945410,quote,./input/icons\quote.svg,,
20240903084945411,20240903,084945411,radar,./input/icons\radar.svg,,
20240903084945412,20240903,084945412,radiation,./input/icons\radiation.svg,,
20240903084945413,20240903,084945413,radio-receiver,./input/icons\radio-receiver.svg,,
20240903084945414,20240903,084945414,radio-tower,./input/icons\radio-tower.svg,,
20240903084945415,20240903,084945415,radio,./input/icons\radio.svg,,
20240903084945416,20240903,084945416,rainbow,./input/icons\rainbow.svg,,
20240903084945417,20240903,084945417,rat,./input/icons\rat.svg,,
20240903084945418,20240903,084945418,receipt,./input/icons\receipt.svg,,
20240903084945419,20240903,084945419,rectangle-horizontal,./input/icons\rectangle-horizontal.svg,,
20240903084945420,20240903,084945420,rectangle-vertical,./input/icons\rectangle-vertical.svg,,
20240903084945421,20240903,084945421,recycle,./input/icons\recycle.svg,,
20240903084945422,20240903,084945422,redo-2,./input/icons\redo-2.svg,,
20240903084945423,20240903,084945423,redo-dot,./input/icons\redo-dot.svg,,
20240903084945424,20240903,084945424,redo,./input/icons\redo.svg,,
20240903084945425,20240903,084945425,refresh-ccw-dot,./input/icons\refresh-ccw-dot.svg,,
20240903084945426,20240903,084945426,refresh-ccw,./input/icons\refresh-ccw.svg,,
20240903084945427,20240903,084945427,refresh-cw-off,./input/icons\refresh-cw-off.svg,,
20240903084945428,20240903,084945428,refresh-cw,./input/icons\refresh-cw.svg,,
20240903084945429,20240903,084945429,refrigerator,./input/icons\refrigerator.svg,,
20240903084945430,20240903,084945430,regex,./input/icons\regex.svg,,
20240903084945431,20240903,084945431,remove-formatting,./input/icons\remove-formatting.svg,,
20240903084945432,20240903,084945432,repeat-1,./input/icons\repeat-1.svg,,
20240903084945433,20240903,084945433,repeat-2,./input/icons\repeat-2.svg,,
20240903084945434,20240903,084945434,repeat,./input/icons\repeat.svg,,
20240903084945435,20240903,084945435,replace-all,./input/icons\replace-all.svg,,
20240903084945436,20240903,084945436,replace,./input/icons\replace.svg,,
20240903084945437,20240903,084945437,reply-all,./input/icons\reply-all.svg,,
20240903084945438,20240903,084945438,reply,./input/icons\reply.svg,,
20240903084945439,20240903,084945439,rewind,./input/icons\rewind.svg,,
20240903084945440,20240903,084945440,rocket,./input/icons\rocket.svg,,
20240903084945441,20240903,084945441,rocking-chair,./input/icons\rocking-chair.svg,,
20240903084945442,20240903,084945442,roller-coaster,./input/icons\roller-coaster.svg,,
20240903084945443,20240903,084945443,rotate-3d,./input/icons\rotate-3d.svg,,
20240903084945444,20240903,084945444,rotate-ccw,./input/icons\rotate-ccw.svg,,
20240903084945445,20240903,084945445,rotate-cw,./input/icons\rotate-cw.svg,,
20240903084945446,20240903,084945446,router,./input/icons\router.svg,,
20240903084945447,20240903,084945447,rows,./input/icons\rows.svg,,
20240903084945448,20240903,084945448,rss,./input/icons\rss.svg,,
20240903084945449,20240903,084945449,ruler,./input/icons\ruler.svg,,
20240903084945450,20240903,084945450,russian-ruble,./input/icons\russian-ruble.svg,,
20240903084945451,20240903,084945451,sailboat,./input/icons\sailboat.svg,,
20240903084945452,20240903,084945452,salad,./input/icons\salad.svg,,
20240903084945453,20240903,084945453,sandwich,./input/icons\sandwich.svg,,
20240903084945454,20240903,084945454,satellite-dish,./input/icons\satellite-dish.svg,,
20240903084945455,20240903,084945455,satellite,./input/icons\satellite.svg,,
20240903084945456,20240903,084945456,save-all,./input/icons\save-all.svg,,
20240903084945457,20240903,084945457,save,./input/icons\save.svg,,
20240903084945458,20240903,084945458,scale-3d,./input/icons\scale-3d.svg,,
20240903084945459,20240903,084945459,scale,./input/icons\scale.svg,,
20240903084945460,20240903,084945460,scaling,./input/icons\scaling.svg,,
20240903084945461,20240903,084945461,scan-face,./input/icons\scan-face.svg,,
20240903084945462,20240903,084945462,scan-line,./input/icons\scan-line.svg,,
20240903084945463,20240903,084945463,scan,./input/icons\scan.svg,,
20240903084945464,20240903,084945464,scatter-chart,./input/icons\scatter-chart.svg,,
20240903084945465,20240903,084945465,school-2,./input/icons\school-2.svg,,
20240903084945466,20240903,084945466,school,./input/icons\school.svg,,
20240903084945467,20240903,084945467,scissors,./input/icons\scissors.svg,,
20240903084945468,20240903,084945468,screen-share-off,./input/icons\screen-share-off.svg,,
20240903084945469,20240903,084945469,screen-share,./input/icons\screen-share.svg,,
20240903084945470,20240903,084945470,scroll-text,./input/icons\scroll-text.svg,,
20240903084945471,20240903,084945471,scroll,./input/icons\scroll.svg,,
20240903084945472,20240903,084945472,search-check,./input/icons\search-check.svg,,
20240903084945473,20240903,084945473,search-code,./input/icons\search-code.svg,,
20240903084945474,20240903,084945474,search-slash,./input/icons\search-slash.svg,,
20240903084945475,20240903,084945475,search-x,./input/icons\search-x.svg,,
20240903084945476,20240903,084945476,search,./input/icons\search.svg,,
20240903084945477,20240903,084945477,send,./input/icons\send.svg,,
20240903084945478,20240903,084945478,separator-horizontal,./input/icons\separator-horizontal.svg,,
20240903084945479,20240903,084945479,separator-vertical,./input/icons\separator-vertical.svg,,
20240903084945480,20240903,084945480,server-cog,./input/icons\server-cog.svg,,
20240903084945481,20240903,084945481,server-crash,./input/icons\server-crash.svg,,
20240903084945482,20240903,084945482,server-off,./input/icons\server-off.svg,,
20240903084945483,20240903,084945483,server,./input/icons\server.svg,,
20240903084945484,20240903,084945484,settings-2,./input/icons\settings-2.svg,,
20240903084945485,20240903,084945485,settings,./input/icons\settings.svg,,
20240903084945486,20240903,084945486,shapes,./input/icons\shapes.svg,,
20240903084945487,20240903,084945487,share-2,./input/icons\share-2.svg,,
20240903084945488,20240903,084945488,share,./input/icons\share.svg,,
20240903084945489,20240903,084945489,sheet,./input/icons\sheet.svg,,
20240903084945490,20240903,084945490,shield-alert,./input/icons\shield-alert.svg,,
20240903084945491,20240903,084945491,shield-check,./input/icons\shield-check.svg,,
20240903084945492,20240903,084945492,shield-close,./input/icons\shield-close.svg,,
20240903084945493,20240903,084945493,shield-off,./input/icons\shield-off.svg,,
20240903084945494,20240903,084945494,shield-question,./input/icons\shield-question.svg,,
20240903084945495,20240903,084945495,shield,./input/icons\shield.svg,,
20240903084945496,20240903,084945496,ship,./input/icons\ship.svg,,
20240903084945497,20240903,084945497,shirt,./input/icons\shirt.svg,,
20240903084945498,20240903,084945498,shopping-bag,./input/icons\shopping-bag.svg,,
20240903084945499,20240903,084945499,shopping-cart,./input/icons\shopping-cart.svg,,
20240903084945500,20240903,084945500,shovel,./input/icons\shovel.svg,,
20240903084945501,20240903,084945501,shower-head,./input/icons\shower-head.svg,,
20240903084945502,20240903,084945502,shrink,./input/icons\shrink.svg,,
20240903084945503,20240903,084945503,shrub,./input/icons\shrub.svg,,
20240903084945504,20240903,084945504,shuffle,./input/icons\shuffle.svg,,
20240903084945505,20240903,084945505,sigma-square,./input/icons\sigma-square.svg,,
20240903084945506,20240903,084945506,sigma,./input/icons\sigma.svg,,
20240903084945507,20240903,084945507,signal-high,./input/icons\signal-high.svg,,
20240903084945508,20240903,084945508,signal-low,./input/icons\signal-low.svg,,
20240903084945509,20240903,084945509,signal-medium,./input/icons\signal-medium.svg,,
20240903084945510,20240903,084945510,signal-zero,./input/icons\signal-zero.svg,,
20240903084945511,20240903,084945511,signal,./input/icons\signal.svg,,
20240903084945512,20240903,084945512,siren,./input/icons\siren.svg,,
20240903084945513,20240903,084945513,skip-back,./input/icons\skip-back.svg,,
20240903084945514,20240903,084945514,skip-forward,./input/icons\skip-forward.svg,,
20240903084945515,20240903,084945515,skull,./input/icons\skull.svg,,
20240903084945516,20240903,084945516,slack,./input/icons\slack.svg,,
20240903084945517,20240903,084945517,slice,./input/icons\slice.svg,,
20240903084945518,20240903,084945518,sliders-horizontal,./input/icons\sliders-horizontal.svg,,
20240903084945519,20240903,084945519,sliders,./input/icons\sliders.svg,,
20240903084945520,20240903,084945520,smartphone-charging,./input/icons\smartphone-charging.svg,,
20240903084945521,20240903,084945521,smartphone-nfc,./input/icons\smartphone-nfc.svg,,
20240903084945522,20240903,084945522,smartphone,./input/icons\smartphone.svg,,
20240903084945523,20240903,084945523,smile-plus,./input/icons\smile-plus.svg,,
20240903084945524,20240903,084945524,smile,./input/icons\smile.svg,,
20240903084945525,20240903,084945525,snowflake,./input/icons\snowflake.svg,,
20240903084945526,20240903,084945526,sofa,./input/icons\sofa.svg,,
20240903084945527,20240903,084945527,soup,./input/icons\soup.svg,,
20240903084945528,20240903,084945528,space,./input/icons\space.svg,,
20240903084945529,20240903,084945529,spade,./input/icons\spade.svg,,
20240903084945530,20240903,084945530,sparkle,./input/icons\sparkle.svg,,
20240903084945531,20240903,084945531,sparkles,./input/icons\sparkles.svg,,
20240903084945532,20240903,084945532,speaker,./input/icons\speaker.svg,,
20240903084945533,20240903,084945533,spell-check-2,./input/icons\spell-check-2.svg,,
20240903084945534,20240903,084945534,spell-check,./input/icons\spell-check.svg,,
20240903084945535,20240903,084945535,spline,./input/icons\spline.svg,,
20240903084945536,20240903,084945536,split-square-horizontal,./input/icons\split-square-horizontal.svg,,
20240903084945537,20240903,084945537,split-square-vertical,./input/icons\split-square-vertical.svg,,
20240903084945538,20240903,084945538,split,./input/icons\split.svg,,
20240903084945539,20240903,084945539,spray-can,./input/icons\spray-can.svg,,
20240903084945540,20240903,084945540,sprout,./input/icons\sprout.svg,,
20240903084945541,20240903,084945541,square-asterisk,./input/icons\square-asterisk.svg,,
20240903084945542,20240903,084945542,square-code,./input/icons\square-code.svg,,
20240903084945543,20240903,084945543,square-dashed-bottom-code,./input/icons\square-dashed-bottom-code.svg,,
20240903084945544,20240903,084945544,square-dashed-bottom,./input/icons\square-dashed-bottom.svg,,
20240903084945545,20240903,084945545,square-dot,./input/icons\square-dot.svg,,
20240903084945546,20240903,084945546,square-equal,./input/icons\square-equal.svg,,
20240903084945547,20240903,084945547,square-slash,./input/icons\square-slash.svg,,
20240903084945548,20240903,084945548,square-stack,./input/icons\square-stack.svg,,
20240903084945549,20240903,084945549,square,./input/icons\square.svg,,
20240903084945550,20240903,084945550,squirrel,./input/icons\squirrel.svg,,
20240903084945551,20240903,084945551,stamp,./input/icons\stamp.svg,,
20240903084945552,20240903,084945552,star-half,./input/icons\star-half.svg,,
20240903084945553,20240903,084945553,star-off,./input/icons\star-off.svg,,
20240903084945554,20240903,084945554,star,./input/icons\star.svg,,
20240903084945555,20240903,084945555,step-back,./input/icons\step-back.svg,,
20240903084945556,20240903,084945556,step-forward,./input/icons\step-forward.svg,,
20240903084945557,20240903,084945557,stethoscope,./input/icons\stethoscope.svg,,
20240903084945558,20240903,084945558,sticker,./input/icons\sticker.svg,,
20240903084945559,20240903,084945559,sticky-note,./input/icons\sticky-note.svg,,
20240903084945560,20240903,084945560,stop-circle,./input/icons\stop-circle.svg,,
20240903084945561,20240903,084945561,store,./input/icons\store.svg,,
20240903084945562,20240903,084945562,stretch-horizontal,./input/icons\stretch-horizontal.svg,,
20240903084945563,20240903,084945563,stretch-vertical,./input/icons\stretch-vertical.svg,,
20240903084945564,20240903,084945564,strikethrough,./input/icons\strikethrough.svg,,
20240903084945565,20240903,084945565,subscript,./input/icons\subscript.svg,,
20240903084945566,20240903,084945566,subtitles,./input/icons\subtitles.svg,,
20240903084945567,20240903,084945567,sun-dim,./input/icons\sun-dim.svg,,
20240903084945568,20240903,084945568,sun-medium,./input/icons\sun-medium.svg,,
20240903084945569,20240903,084945569,sun-moon,./input/icons\sun-moon.svg,,
20240903084945570,20240903,084945570,sun-snow,./input/icons\sun-snow.svg,,
20240903084945571,20240903,084945571,sun,./input/icons\sun.svg,,
20240903084945572,20240903,084945572,sunrise,./input/icons\sunrise.svg,,
20240903084945573,20240903,084945573,sunset,./input/icons\sunset.svg,,
20240903084945574,20240903,084945574,superscript,./input/icons\superscript.svg,,
20240903084945575,20240903,084945575,swiss-franc,./input/icons\swiss-franc.svg,,
20240903084945576,20240903,084945576,switch-camera,./input/icons\switch-camera.svg,,
20240903084945577,20240903,084945577,sword,./input/icons\sword.svg,,
20240903084945578,20240903,084945578,swords,./input/icons\swords.svg,,
20240903084945579,20240903,084945579,syringe,./input/icons\syringe.svg,,
20240903084945580,20240903,084945580,table-2,./input/icons\table-2.svg,,
20240903084945581,20240903,084945581,table,./input/icons\table.svg,,
20240903084945582,20240903,084945582,tablet,./input/icons\tablet.svg,,
20240903084945583,20240903,084945583,tablets,./input/icons\tablets.svg,,
20240903084945584,20240903,084945584,tag,./input/icons\tag.svg,,
20240903084945585,20240903,084945585,tags,./input/icons\tags.svg,,
20240903084945586,20240903,084945586,target,./input/icons\target.svg,,
20240903084945587,20240903,084945587,tent,./input/icons\tent.svg,,
20240903084945588,20240903,084945588,terminal-square,./input/icons\terminal-square.svg,,
20240903084945589,20240903,084945589,terminal,./input/icons\terminal.svg,,
20240903084945590,20240903,084945590,test-tube-2,./input/icons\test-tube-2.svg,,
20240903084945591,20240903,084945591,test-tube,./input/icons\test-tube.svg,,
20240903084945592,20240903,084945592,test-tubes,./input/icons\test-tubes.svg,,
20240903084945593,20240903,084945593,text-cursor-input,./input/icons\text-cursor-input.svg,,
20240903084945594,20240903,084945594,text-cursor,./input/icons\text-cursor.svg,,
20240903084945595,20240903,084945595,text-quote,./input/icons\text-quote.svg,,
20240903084945596,20240903,084945596,text-select,./input/icons\text-select.svg,,
20240903084945597,20240903,084945597,text,./input/icons\text.svg,,
20240903084945598,20240903,084945598,thermometer-snowflake,./input/icons\thermometer-snowflake.svg,,
20240903084945599,20240903,084945599,thermometer-sun,./input/icons\thermometer-sun.svg,,
20240903084945600,20240903,084945600,thermometer,./input/icons\thermometer.svg,,
20240903084945601,20240903,084945601,thumbs-down,./input/icons\thumbs-down.svg,,
20240903084945602,20240903,084945602,thumbs-up,./input/icons\thumbs-up.svg,,
20240903084945603,20240903,084945603,ticket,./input/icons\ticket.svg,,
20240903084945604,20240903,084945604,timer-off,./input/icons\timer-off.svg,,
20240903084945605,20240903,084945605,timer-reset,./input/icons\timer-reset.svg,,
20240903084945606,20240903,084945606,timer,./input/icons\timer.svg,,
20240903084945607,20240903,084945607,toggle-left,./input/icons\toggle-left.svg,,
20240903084945608,20240903,084945608,toggle-right,./input/icons\toggle-right.svg,,
20240903084945609,20240903,084945609,tornado,./input/icons\tornado.svg,,
20240903084945610,20240903,084945610,touchpad-off,./input/icons\touchpad-off.svg,,
20240903084945611,20240903,084945611,touchpad,./input/icons\touchpad.svg,,
20240903084945612,20240903,084945612,tower-control,./input/icons\tower-control.svg,,
20240903084945613,20240903,084945613,toy-brick,./input/icons\toy-brick.svg,,
20240903084945614,20240903,084945614,train,./input/icons\train.svg,,
20240903084945615,20240903,084945615,trash-2,./input/icons\trash-2.svg,,
20240903084945616,20240903,084945616,trash,./input/icons\trash.svg,,
20240903084945617,20240903,084945617,tree-deciduous,./input/icons\tree-deciduous.svg,,
20240903084945618,20240903,084945618,tree-pine,./input/icons\tree-pine.svg,,
20240903084945619,20240903,084945619,trees,./input/icons\trees.svg,,
20240903084945620,20240903,084945620,trello,./input/icons\trello.svg,,
20240903084945621,20240903,084945621,trending-down,./input/icons\trending-down.svg,,
20240903084945622,20240903,084945622,trending-up,./input/icons\trending-up.svg,,
20240903084945623,20240903,084945623,triangle,./input/icons\triangle.svg,,
20240903084945624,20240903,084945624,trophy,./input/icons\trophy.svg,,
20240903084945625,20240903,084945625,truck,./input/icons\truck.svg,,
20240903084945626,20240903,084945626,tv-2,./input/icons\tv-2.svg,,
20240903084945627,20240903,084945627,tv,./input/icons\tv.svg,,
20240903084945628,20240903,084945628,twitch,./input/icons\twitch.svg,,
20240903084945629,20240903,084945629,twitter,./input/icons\twitter.svg,,
20240903084945630,20240903,084945630,type,./input/icons\type.svg,,
20240903084945631,20240903,084945631,umbrella,./input/icons\umbrella.svg,,
20240903084945632,20240903,084945632,underline,./input/icons\underline.svg,,
20240903084945633,20240903,084945633,undo-2,./input/icons\undo-2.svg,,
20240903084945634,20240903,084945634,undo-dot,./input/icons\undo-dot.svg,,
20240903084945635,20240903,084945635,undo,./input/icons\undo.svg,,
20240903084945636,20240903,084945636,unfold-horizontal,./input/icons\unfold-horizontal.svg,,
20240903084945637,20240903,084945637,unfold-vertical,./input/icons\unfold-vertical.svg,,
20240903084945638,20240903,084945638,ungroup,./input/icons\ungroup.svg,,
20240903084945639,20240903,084945639,unlink-2,./input/icons\unlink-2.svg,,
20240903084945640,20240903,084945640,unlink,./input/icons\unlink.svg,,
20240903084945641,20240903,084945641,unlock,./input/icons\unlock.svg,,
20240903084945642,20240903,084945642,unplug,./input/icons\unplug.svg,,
20240903084945643,20240903,084945643,upload-cloud,./input/icons\upload-cloud.svg,,
20240903084945644,20240903,084945644,upload,./input/icons\upload.svg,,
20240903084945645,20240903,084945645,usb,./input/icons\usb.svg,,
20240903084945646,20240903,084945646,user-2,./input/icons\user-2.svg,,
20240903084945647,20240903,084945647,user-check-2,./input/icons\user-check-2.svg,,
20240903084945648,20240903,084945648,user-check,./input/icons\user-check.svg,,
20240903084945649,20240903,084945649,user-circle-2,./input/icons\user-circle-2.svg,,
20240903084945650,20240903,084945650,user-circle,./input/icons\user-circle.svg,,
20240903084945651,20240903,084945651,user-cog-2,./input/icons\user-cog-2.svg,,
20240903084945652,20240903,084945652,user-cog,./input/icons\user-cog.svg,,
20240903084945653,20240903,084945653,user-minus-2,./input/icons\user-minus-2.svg,,
20240903084945654,20240903,084945654,user-minus,./input/icons\user-minus.svg,,
20240903084945655,20240903,084945655,user-plus-2,./input/icons\user-plus-2.svg,,
20240903084945656,20240903,084945656,user-plus,./input/icons\user-plus.svg,,
20240903084945657,20240903,084945657,user-square-2,./input/icons\user-square-2.svg,,
20240903084945658,20240903,084945658,user-square,./input/icons\user-square.svg,,
20240903084945659,20240903,084945659,user-x-2,./input/icons\user-x-2.svg,,
20240903084945660,20240903,084945660,user-x,./input/icons\user-x.svg,,
20240903084945661,20240903,084945661,user,./input/icons\user.svg,,
20240903084945662,20240903,084945662,users-2,./input/icons\users-2.svg,,
20240903084945663,20240903,084945663,users,./input/icons\users.svg,,
20240903084945664,20240903,084945664,utensils-crossed,./input/icons\utensils-crossed.svg,,
20240903084945665,20240903,084945665,utensils,./input/icons\utensils.svg,,
20240903084945666,20240903,084945666,utility-pole,./input/icons\utility-pole.svg,,
20240903084945667,20240903,084945667,variable,./input/icons\variable.svg,,
20240903084945668,20240903,084945668,vegan,./input/icons\vegan.svg,,
20240903084945669,20240903,084945669,venetian-mask,./input/icons\venetian-mask.svg,,
20240903084945670,20240903,084945670,vibrate-off,./input/icons\vibrate-off.svg,,
20240903084945671,20240903,084945671,vibrate,./input/icons\vibrate.svg,,
20240903084945672,20240903,084945672,video-off,./input/icons\video-off.svg,,
20240903084945673,20240903,084945673,video,./input/icons\video.svg,,
20240903084945674,20240903,084945674,view,./input/icons\view.svg,,
20240903084945675,20240903,084945675,voicemail,./input/icons\voicemail.svg,,
20240903084945676,20240903,084945676,volume-1,./input/icons\volume-1.svg,,
20240903084945677,20240903,084945677,volume-2,./input/icons\volume-2.svg,,
20240903084945678,20240903,084945678,volume-x,./input/icons\volume-x.svg,,
20240903084945679,20240903,084945679,volume,./input/icons\volume.svg,,
20240903084945680,20240903,084945680,vote,./input/icons\vote.svg,,
20240903084945681,20240903,084945681,wallet,./input/icons\wallet.svg,,
20240903084945682,20240903,084945682,wallpaper,./input/icons\wallpaper.svg,,
20240903084945683,20240903,084945683,wand-2,./input/icons\wand-2.svg,,
20240903084945684,20240903,084945684,wand,./input/icons\wand.svg,,
20240903084945685,20240903,084945685,warehouse,./input/icons\warehouse.svg,,
20240903084945686,20240903,084945686,watch,./input/icons\watch.svg,,
20240903084945687,20240903,084945687,waves,./input/icons\waves.svg,,
20240903084945688,20240903,084945688,webcam,./input/icons\webcam.svg,,
20240903084945689,20240903,084945689,webhook,./input/icons\webhook.svg,,
20240903084945690,20240903,084945690,wheat-off,./input/icons\wheat-off.svg,,
20240903084945691,20240903,084945691,wheat,./input/icons\wheat.svg,,
20240903084945692,20240903,084945692,whole-word,./input/icons\whole-word.svg,,
20240903084945693,20240903,084945693,wifi-off,./input/icons\wifi-off.svg,,
20240903084945694,20240903,084945694,wifi,./input/icons\wifi.svg,,
20240903084945695,20240903,084945695,wind,./input/icons\wind.svg,,
20240903084945696,20240903,084945696,wine-off,./input/icons\wine-off.svg,,
20240903084945697,20240903,084945697,wine,./input/icons\wine.svg,,
20240903084945698,20240903,084945698,workflow,./input/icons\workflow.svg,,
20240903084945699,20240903,084945699,wrap-text,./input/icons\wrap-text.svg,,
20240903084945700,20240903,084945700,wrench,./input/icons\wrench.svg,,
20240903084945701,20240903,084945701,x-circle,./input/icons\x-circle.svg,,
20240903084945702,20240903,084945702,x-octagon,./input/icons\x-octagon.svg,,
20240903084945703,20240903,084945703,x-square,./input/icons\x-square.svg,,
20240903084945704,20240903,084945704,x,./input/icons\x.svg,,
20240903084945705,20240903,084945705,youtube,./input/icons\youtube.svg,,
20240903084945706,20240903,084945706,zap-off,./input/icons\zap-off.svg,,
20240903084945707,20240903,084945707,zap,./input/icons\zap.svg,,
20240903084945708,20240903,084945708,zoom-in,./input/icons\zoom-in.svg,,
20240903084945709,20240903,084945709,zoom-out,./input/icons\zoom-out.svg,,
