id,date,time,name,src,type,group
20240903091701582,20240903,091701582,cat,./input/icons\cat.svg,,
20240903091701583,20240903,091701583,check-check,./input/icons\check-check.svg,,
20240903091701584,20240903,091701584,check-circle-2,./input/icons\check-circle-2.svg,,
20240903091701585,20240903,091701585,check-circle,./input/icons\check-circle.svg,,
20240903091701586,20240903,091701586,check-square,./input/icons\check-square.svg,,
20240903091701587,20240903,091701587,check,./input/icons\check.svg,,
20240903091701588,20240903,091701588,chef-hat,./input/icons\chef-hat.svg,,
20240903091701589,20240903,091701589,chevron-down-square,./input/icons\chevron-down-square.svg,,
20240903091701590,20240903,091701590,chevron-down,./input/icons\chevron-down.svg,,
20240903091701591,20240903,091701591,chevron-first,./input/icons\chevron-first.svg,,
20240903091701592,20240903,091701592,chevron-last,./input/icons\chevron-last.svg,,
20240903091701593,20240903,091701593,chevron-left-square,./input/icons\chevron-left-square.svg,,
20240903091701594,20240903,091701594,chevron-left,./input/icons\chevron-left.svg,,
20240903091701595,20240903,091701595,chevron-right-square,./input/icons\chevron-right-square.svg,,
20240903091701596,20240903,091701596,chevron-right,./input/icons\chevron-right.svg,,
20240903091701597,20240903,091701597,chevron-up-square,./input/icons\chevron-up-square.svg,,
20240903091701598,20240903,091701598,chevron-up,./input/icons\chevron-up.svg,,
20240903091701599,20240903,091701599,chevrons-down-up,./input/icons\chevrons-down-up.svg,,
20240903091701600,20240903,091701600,chevrons-down,./input/icons\chevrons-down.svg,,
20240903091701601,20240903,091701601,chevrons-left-right,./input/icons\chevrons-left-right.svg,,
20240903091701602,20240903,091701602,chevrons-left,./input/icons\chevrons-left.svg,,
20240903091701603,20240903,091701603,chevrons-right-left,./input/icons\chevrons-right-left.svg,,
20240903091701604,20240903,091701604,chevrons-right,./input/icons\chevrons-right.svg,,
20240903091701605,20240903,091701605,chevrons-up-down,./input/icons\chevrons-up-down.svg,,
20240903091701606,20240903,091701606,chevrons-up,./input/icons\chevrons-up.svg,,
20240903091701607,20240903,091701607,chrome,./input/icons\chrome.svg,,
20240903091701608,20240903,091701608,church,./input/icons\church.svg,,
20240903091701609,20240903,091701609,cigarette-off,./input/icons\cigarette-off.svg,,
20240903091701610,20240903,091701610,cigarette,./input/icons\cigarette.svg,,
20240903091701611,20240903,091701611,circle-dashed,./input/icons\circle-dashed.svg,,
20240903091701612,20240903,091701612,circle-dollar-sign,./input/icons\circle-dollar-sign.svg,,
20240903091701613,20240903,091701613,circle-dot-dashed,./input/icons\circle-dot-dashed.svg,,
20240903091701614,20240903,091701614,circle-dot,./input/icons\circle-dot.svg,,
20240903091701615,20240903,091701615,circle-ellipsis,./input/icons\circle-ellipsis.svg,,
20240903091701616,20240903,091701616,circle-equal,./input/icons\circle-equal.svg,,
20240903091701617,20240903,091701617,circle-off,./input/icons\circle-off.svg,,
20240903091701618,20240903,091701618,circle-slash-2,./input/icons\circle-slash-2.svg,,
20240903091701619,20240903,091701619,circle-slash,./input/icons\circle-slash.svg,,
20240903091701620,20240903,091701620,circle,./input/icons\circle.svg,,
20240903091701621,20240903,091701621,circuit-board,./input/icons\circuit-board.svg,,
20240903091701622,20240903,091701622,citrus,./input/icons\citrus.svg,,
20240903091701623,20240903,091701623,clapperboard,./input/icons\clapperboard.svg,,
20240903091701624,20240903,091701624,clipboard-check,./input/icons\clipboard-check.svg,,
20240903091701625,20240903,091701625,clipboard-copy,./input/icons\clipboard-copy.svg,,
20240903091701626,20240903,091701626,clipboard-edit,./input/icons\clipboard-edit.svg,,
20240903091701627,20240903,091701627,clipboard-list,./input/icons\clipboard-list.svg,,
20240903091701628,20240903,091701628,clipboard-paste,./input/icons\clipboard-paste.svg,,
20240903091701629,20240903,091701629,clipboard-signature,./input/icons\clipboard-signature.svg,,
20240903091701630,20240903,091701630,clipboard-type,./input/icons\clipboard-type.svg,,
20240903091701631,20240903,091701631,clipboard-x,./input/icons\clipboard-x.svg,,
20240903091701632,20240903,091701632,clipboard,./input/icons\clipboard.svg,,
20240903091701633,20240903,091701633,clock-1,./input/icons\clock-1.svg,,
20240903091701634,20240903,091701634,clock-10,./input/icons\clock-10.svg,,
20240903091701635,20240903,091701635,clock-11,./input/icons\clock-11.svg,,
20240903091701636,20240903,091701636,clock-12,./input/icons\clock-12.svg,,
20240903091701637,20240903,091701637,clock-2,./input/icons\clock-2.svg,,
20240903091701638,20240903,091701638,clock-3,./input/icons\clock-3.svg,,
20240903091701639,20240903,091701639,clock-4,./input/icons\clock-4.svg,,
20240903091701640,20240903,091701640,clock-5,./input/icons\clock-5.svg,,
20240903091701641,20240903,091701641,clock-6,./input/icons\clock-6.svg,,
20240903091701642,20240903,091701642,clock-7,./input/icons\clock-7.svg,,
20240903091701643,20240903,091701643,clock-8,./input/icons\clock-8.svg,,
20240903091701644,20240903,091701644,clock-9,./input/icons\clock-9.svg,,
20240903091701645,20240903,091701645,clock,./input/icons\clock.svg,,
20240903091701646,20240903,091701646,cloud-cog,./input/icons\cloud-cog.svg,,
20240903091701647,20240903,091701647,cloud-drizzle,./input/icons\cloud-drizzle.svg,,
20240903091701648,20240903,091701648,cloud-fog,./input/icons\cloud-fog.svg,,
20240903091701649,20240903,091701649,cloud-hail,./input/icons\cloud-hail.svg,,
20240903091701650,20240903,091701650,cloud-lightning,./input/icons\cloud-lightning.svg,,
20240903091701651,20240903,091701651,cloud-moon-rain,./input/icons\cloud-moon-rain.svg,,
20240903091701652,20240903,091701652,cloud-moon,./input/icons\cloud-moon.svg,,
20240903091701653,20240903,091701653,cloud-off,./input/icons\cloud-off.svg,,
20240903091701654,20240903,091701654,cloud-rain-wind,./input/icons\cloud-rain-wind.svg,,
20240903091701655,20240903,091701655,cloud-rain,./input/icons\cloud-rain.svg,,
20240903091701656,20240903,091701656,cloud-snow,./input/icons\cloud-snow.svg,,
20240903091701657,20240903,091701657,cloud-sun-rain,./input/icons\cloud-sun-rain.svg,,
20240903091701658,20240903,091701658,cloud-sun,./input/icons\cloud-sun.svg,,
20240903091701659,20240903,091701659,cloud,./input/icons\cloud.svg,,
20240903091701660,20240903,091701660,cloudy,./input/icons\cloudy.svg,,
20240903091701661,20240903,091701661,clover,./input/icons\clover.svg,,
20240903091701662,20240903,091701662,club,./input/icons\club.svg,,
20240903091701663,20240903,091701663,code-2,./input/icons\code-2.svg,,
20240903091701664,20240903,091701664,code,./input/icons\code.svg,,
20240903091701665,20240903,091701665,codepen,./input/icons\codepen.svg,,
20240903091701666,20240903,091701666,codesandbox,./input/icons\codesandbox.svg,,
20240903091701667,20240903,091701667,coffee,./input/icons\coffee.svg,,
20240903091701668,20240903,091701668,cog,./input/icons\cog.svg,,
20240903091701669,20240903,091701669,coins,./input/icons\coins.svg,,
20240903091701670,20240903,091701670,columns,./input/icons\columns.svg,,
20240903091701671,20240903,091701671,combine,./input/icons\combine.svg,,
20240903091701672,20240903,091701672,command,./input/icons\command.svg,,
20240903091701673,20240903,091701673,compass,./input/icons\compass.svg,,
20240903091701674,20240903,091701674,component,./input/icons\component.svg,,
20240903091701675,20240903,091701675,concierge-bell,./input/icons\concierge-bell.svg,,
20240903091701676,20240903,091701676,construction,./input/icons\construction.svg,,
20240903091701677,20240903,091701677,contact-2,./input/icons\contact-2.svg,,
20240903091701678,20240903,091701678,contact,./input/icons\contact.svg,,
20240903091701679,20240903,091701679,contrast,./input/icons\contrast.svg,,
20240903091701680,20240903,091701680,cookie,./input/icons\cookie.svg,,
20240903091701681,20240903,091701681,copy-check,./input/icons\copy-check.svg,,
20240903091701682,20240903,091701682,copy-minus,./input/icons\copy-minus.svg,,
20240903091701683,20240903,091701683,copy-plus,./input/icons\copy-plus.svg,,
20240903091701684,20240903,091701684,copy-slash,./input/icons\copy-slash.svg,,
20240903091701685,20240903,091701685,copy-x,./input/icons\copy-x.svg,,
20240903091701686,20240903,091701686,copy,./input/icons\copy.svg,,
20240903091701687,20240903,091701687,copyleft,./input/icons\copyleft.svg,,
20240903091701688,20240903,091701688,corner-down-left,./input/icons\corner-down-left.svg,,
20240903091701689,20240903,091701689,corner-down-right,./input/icons\corner-down-right.svg,,
20240903091701690,20240903,091701690,corner-left-down,./input/icons\corner-left-down.svg,,
20240903091701691,20240903,091701691,corner-left-up,./input/icons\corner-left-up.svg,,
20240903091701692,20240903,091701692,corner-right-down,./input/icons\corner-right-down.svg,,
20240903091701693,20240903,091701693,corner-right-up,./input/icons\corner-right-up.svg,,
20240903091701694,20240903,091701694,corner-up-left,./input/icons\corner-up-left.svg,,
20240903091701695,20240903,091701695,corner-up-right,./input/icons\corner-up-right.svg,,
20240903091701696,20240903,091701696,cpu,./input/icons\cpu.svg,,
20240903091701697,20240903,091701697,creative-commons,./input/icons\creative-commons.svg,,
20240903091701698,20240903,091701698,credit-card,./input/icons\credit-card.svg,,
20240903091701699,20240903,091701699,croissant,./input/icons\croissant.svg,,
20240903091701700,20240903,091701700,crop,./input/icons\crop.svg,,
20240903091701701,20240903,091701701,cross,./input/icons\cross.svg,,
20240903091701702,20240903,091701702,crosshair,./input/icons\crosshair.svg,,
20240903091701703,20240903,091701703,crown,./input/icons\crown.svg,,
20240903091701704,20240903,091701704,cup-soda,./input/icons\cup-soda.svg,,
20240903091701705,20240903,091701705,currency,./input/icons\currency.svg,,
20240903091701706,20240903,091701706,database-backup,./input/icons\database-backup.svg,,
20240903091701707,20240903,091701707,database,./input/icons\database.svg,,
20240903091701708,20240903,091701708,delete,./input/icons\delete.svg,,
20240903091701709,20240903,091701709,dessert,./input/icons\dessert.svg,,
20240903091701710,20240903,091701710,diamond,./input/icons\diamond.svg,,
20240903091701711,20240903,091701711,dice-1,./input/icons\dice-1.svg,,
20240903091701712,20240903,091701712,dice-2,./input/icons\dice-2.svg,,
20240903091701713,20240903,091701713,dice-3,./input/icons\dice-3.svg,,
20240903091701714,20240903,091701714,dice-4,./input/icons\dice-4.svg,,
20240903091701715,20240903,091701715,dice-5,./input/icons\dice-5.svg,,
20240903091701716,20240903,091701716,dice-6,./input/icons\dice-6.svg,,
20240903091701717,20240903,091701717,dices,./input/icons\dices.svg,,
20240903091701718,20240903,091701718,diff,./input/icons\diff.svg,,
20240903091701719,20240903,091701719,disc-2,./input/icons\disc-2.svg,,
20240903091701720,20240903,091701720,disc-3,./input/icons\disc-3.svg,,
20240903091701721,20240903,091701721,disc,./input/icons\disc.svg,,
20240903091701722,20240903,091701722,divide-circle,./input/icons\divide-circle.svg,,
20240903091701723,20240903,091701723,divide-square,./input/icons\divide-square.svg,,
20240903091701724,20240903,091701724,divide,./input/icons\divide.svg,,
20240903091701725,20240903,091701725,dna-off,./input/icons\dna-off.svg,,
20240903091701726,20240903,091701726,dna,./input/icons\dna.svg,,
20240903091701727,20240903,091701727,dog,./input/icons\dog.svg,,
20240903091701728,20240903,091701728,dollar-sign,./input/icons\dollar-sign.svg,,
20240903091701729,20240903,091701729,donut,./input/icons\donut.svg,,
20240903091701730,20240903,091701730,door-closed,./input/icons\door-closed.svg,,
20240903091701731,20240903,091701731,door-open,./input/icons\door-open.svg,,
20240903091701732,20240903,091701732,dot,./input/icons\dot.svg,,
20240903091701733,20240903,091701733,download-cloud,./input/icons\download-cloud.svg,,
20240903091701734,20240903,091701734,download,./input/icons\download.svg,,
20240903091701735,20240903,091701735,dribbble,./input/icons\dribbble.svg,,
20240903091701736,20240903,091701736,droplet,./input/icons\droplet.svg,,
20240903091701737,20240903,091701737,droplets,./input/icons\droplets.svg,,
20240903091701738,20240903,091701738,drumstick,./input/icons\drumstick.svg,,
20240903091701739,20240903,091701739,dumbbell,./input/icons\dumbbell.svg,,
20240903091701740,20240903,091701740,ear-off,./input/icons\ear-off.svg,,
20240903091701741,20240903,091701741,ear,./input/icons\ear.svg,,
20240903091701742,20240903,091701742,edit-2,./input/icons\edit-2.svg,,
20240903091701743,20240903,091701743,edit-3,./input/icons\edit-3.svg,,
20240903091701744,20240903,091701744,edit,./input/icons\edit.svg,,
20240903091701745,20240903,091701745,egg-fried,./input/icons\egg-fried.svg,,
20240903091701746,20240903,091701746,egg-off,./input/icons\egg-off.svg,,
20240903091701747,20240903,091701747,egg,./input/icons\egg.svg,,
20240903091701748,20240903,091701748,equal-not,./input/icons\equal-not.svg,,
20240903091701749,20240903,091701749,equal,./input/icons\equal.svg,,
20240903091701750,20240903,091701750,eraser,./input/icons\eraser.svg,,
20240903091701751,20240903,091701751,euro,./input/icons\euro.svg,,
20240903091701752,20240903,091701752,expand,./input/icons\expand.svg,,
20240903091701753,20240903,091701753,external-link,./input/icons\external-link.svg,,
20240903091701754,20240903,091701754,eye-off,./input/icons\eye-off.svg,,
20240903091701755,20240903,091701755,eye,./input/icons\eye.svg,,
20240903091701756,20240903,091701756,facebook,./input/icons\facebook.svg,,
20240903091701757,20240903,091701757,factory,./input/icons\factory.svg,,
20240903091701758,20240903,091701758,fan,./input/icons\fan.svg,,
20240903091701759,20240903,091701759,fast-forward,./input/icons\fast-forward.svg,,
20240903091701760,20240903,091701760,feather,./input/icons\feather.svg,,
20240903091701761,20240903,091701761,ferris-wheel,./input/icons\ferris-wheel.svg,,
20240903091701762,20240903,091701762,figma,./input/icons\figma.svg,,
20240903091701763,20240903,091701763,file-archive,./input/icons\file-archive.svg,,
20240903091701764,20240903,091701764,file-audio-2,./input/icons\file-audio-2.svg,,
20240903091701765,20240903,091701765,file-audio,./input/icons\file-audio.svg,,
20240903091701766,20240903,091701766,file-axis-3d,./input/icons\file-axis-3d.svg,,
20240903091701767,20240903,091701767,file-badge-2,./input/icons\file-badge-2.svg,,
20240903091701768,20240903,091701768,file-badge,./input/icons\file-badge.svg,,
20240903091701769,20240903,091701769,file-bar-chart-2,./input/icons\file-bar-chart-2.svg,,
20240903091701770,20240903,091701770,file-bar-chart,./input/icons\file-bar-chart.svg,,
20240903091701771,20240903,091701771,file-box,./input/icons\file-box.svg,,
20240903091701772,20240903,091701772,file-check-2,./input/icons\file-check-2.svg,,
20240903091701773,20240903,091701773,file-check,./input/icons\file-check.svg,,
20240903091701774,20240903,091701774,file-clock,./input/icons\file-clock.svg,,
20240903091701775,20240903,091701775,file-code-2,./input/icons\file-code-2.svg,,
20240903091701776,20240903,091701776,file-code,./input/icons\file-code.svg,,
20240903091701777,20240903,091701777,file-cog-2,./input/icons\file-cog-2.svg,,
20240903091701778,20240903,091701778,file-cog,./input/icons\file-cog.svg,,
20240903091701779,20240903,091701779,file-diff,./input/icons\file-diff.svg,,
20240903091701780,20240903,091701780,file-digit,./input/icons\file-digit.svg,,
20240903091701781,20240903,091701781,file-down,./input/icons\file-down.svg,,
20240903091701782,20240903,091701782,file-edit,./input/icons\file-edit.svg,,
20240903091701783,20240903,091701783,file-heart,./input/icons\file-heart.svg,,
20240903091701784,20240903,091701784,file-image,./input/icons\file-image.svg,,
20240903091701785,20240903,091701785,file-input,./input/icons\file-input.svg,,
20240903091701786,20240903,091701786,file-json-2,./input/icons\file-json-2.svg,,
20240903091701787,20240903,091701787,file-json,./input/icons\file-json.svg,,
20240903091701788,20240903,091701788,file-key-2,./input/icons\file-key-2.svg,,
20240903091701789,20240903,091701789,file-key,./input/icons\file-key.svg,,
20240903091701790,20240903,091701790,file-line-chart,./input/icons\file-line-chart.svg,,
20240903091701791,20240903,091701791,file-lock-2,./input/icons\file-lock-2.svg,,
20240903091701792,20240903,091701792,file-lock,./input/icons\file-lock.svg,,
20240903091701793,20240903,091701793,file-minus-2,./input/icons\file-minus-2.svg,,
20240903091701794,20240903,091701794,file-minus,./input/icons\file-minus.svg,,
20240903091701795,20240903,091701795,file-output,./input/icons\file-output.svg,,
20240903091701796,20240903,091701796,file-pie-chart,./input/icons\file-pie-chart.svg,,
20240903091701797,20240903,091701797,file-plus-2,./input/icons\file-plus-2.svg,,
20240903091701798,20240903,091701798,file-plus,./input/icons\file-plus.svg,,
20240903091701799,20240903,091701799,file-question,./input/icons\file-question.svg,,
20240903091701800,20240903,091701800,file-scan,./input/icons\file-scan.svg,,
20240903091701801,20240903,091701801,file-search-2,./input/icons\file-search-2.svg,,
20240903091701802,20240903,091701802,file-search,./input/icons\file-search.svg,,
20240903091701803,20240903,091701803,file-signature,./input/icons\file-signature.svg,,
20240903091701804,20240903,091701804,file-spreadsheet,./input/icons\file-spreadsheet.svg,,
20240903091701805,20240903,091701805,file-stack,./input/icons\file-stack.svg,,
20240903091701806,20240903,091701806,file-symlink,./input/icons\file-symlink.svg,,
20240903091701807,20240903,091701807,file-terminal,./input/icons\file-terminal.svg,,
20240903091701808,20240903,091701808,file-text,./input/icons\file-text.svg,,
20240903091701809,20240903,091701809,file-type-2,./input/icons\file-type-2.svg,,
20240903091701810,20240903,091701810,file-type,./input/icons\file-type.svg,,
20240903091701811,20240903,091701811,file-up,./input/icons\file-up.svg,,
20240903091701812,20240903,091701812,file-video-2,./input/icons\file-video-2.svg,,
20240903091701813,20240903,091701813,file-video,./input/icons\file-video.svg,,
20240903091701814,20240903,091701814,file-volume-2,./input/icons\file-volume-2.svg,,
20240903091701815,20240903,091701815,file-volume,./input/icons\file-volume.svg,,
20240903091701816,20240903,091701816,file-warning,./input/icons\file-warning.svg,,
20240903091701817,20240903,091701817,file-x-2,./input/icons\file-x-2.svg,,
20240903091701818,20240903,091701818,file-x,./input/icons\file-x.svg,,
20240903091701819,20240903,091701819,file,./input/icons\file.svg,,
20240903091701820,20240903,091701820,files,./input/icons\files.svg,,
20240903091701821,20240903,091701821,film,./input/icons\film.svg,,
20240903091701822,20240903,091701822,filter-x,./input/icons\filter-x.svg,,
20240903091701823,20240903,091701823,filter,./input/icons\filter.svg,,
20240903091701824,20240903,091701824,fingerprint,./input/icons\fingerprint.svg,,
20240903091701825,20240903,091701825,fish-off,./input/icons\fish-off.svg,,
20240903091701826,20240903,091701826,fish,./input/icons\fish.svg,,
20240903091701827,20240903,091701827,flag-off,./input/icons\flag-off.svg,,
20240903091701828,20240903,091701828,flag-triangle-left,./input/icons\flag-triangle-left.svg,,
20240903091701829,20240903,091701829,flag-triangle-right,./input/icons\flag-triangle-right.svg,,
20240903091701830,20240903,091701830,flag,./input/icons\flag.svg,,
20240903091701831,20240903,091701831,flame,./input/icons\flame.svg,,
20240903091701832,20240903,091701832,flashlight-off,./input/icons\flashlight-off.svg,,
20240903091701833,20240903,091701833,flashlight,./input/icons\flashlight.svg,,
20240903091701834,20240903,091701834,flask-conical-off,./input/icons\flask-conical-off.svg,,
20240903091701835,20240903,091701835,flask-conical,./input/icons\flask-conical.svg,,
20240903091701836,20240903,091701836,flask-round,./input/icons\flask-round.svg,,
20240903091701837,20240903,091701837,flip-horizontal-2,./input/icons\flip-horizontal-2.svg,,
20240903091701838,20240903,091701838,flip-horizontal,./input/icons\flip-horizontal.svg,,
20240903091701839,20240903,091701839,flip-vertical-2,./input/icons\flip-vertical-2.svg,,
20240903091701840,20240903,091701840,flip-vertical,./input/icons\flip-vertical.svg,,
20240903091701841,20240903,091701841,flower-2,./input/icons\flower-2.svg,,
20240903091701842,20240903,091701842,flower,./input/icons\flower.svg,,
20240903091701843,20240903,091701843,focus,./input/icons\focus.svg,,
20240903091701844,20240903,091701844,fold-horizontal,./input/icons\fold-horizontal.svg,,
20240903091701845,20240903,091701845,fold-vertical,./input/icons\fold-vertical.svg,,
20240903091701846,20240903,091701846,folder-archive,./input/icons\folder-archive.svg,,
20240903091701847,20240903,091701847,folder-check,./input/icons\folder-check.svg,,
20240903091701848,20240903,091701848,folder-clock,./input/icons\folder-clock.svg,,
20240903091701849,20240903,091701849,folder-closed,./input/icons\folder-closed.svg,,
20240903091701850,20240903,091701850,folder-cog-2,./input/icons\folder-cog-2.svg,,
20240903091701851,20240903,091701851,folder-cog,./input/icons\folder-cog.svg,,
20240903091701852,20240903,091701852,folder-down,./input/icons\folder-down.svg,,
20240903091701853,20240903,091701853,folder-edit,./input/icons\folder-edit.svg,,
20240903091701854,20240903,091701854,folder-git-2,./input/icons\folder-git-2.svg,,
20240903091701855,20240903,091701855,folder-git,./input/icons\folder-git.svg,,
20240903091701856,20240903,091701856,folder-heart,./input/icons\folder-heart.svg,,
20240903091701857,20240903,091701857,folder-input,./input/icons\folder-input.svg,,
20240903091701858,20240903,091701858,folder-key,./input/icons\folder-key.svg,,
20240903091701859,20240903,091701859,folder-lock,./input/icons\folder-lock.svg,,
20240903091701860,20240903,091701860,folder-minus,./input/icons\folder-minus.svg,,
20240903091701861,20240903,091701861,folder-open,./input/icons\folder-open.svg,,
20240903091701862,20240903,091701862,folder-output,./input/icons\folder-output.svg,,
20240903091701863,20240903,091701863,folder-plus,./input/icons\folder-plus.svg,,
20240903091701864,20240903,091701864,folder-search-2,./input/icons\folder-search-2.svg,,
20240903091701865,20240903,091701865,folder-search,./input/icons\folder-search.svg,,
20240903091701866,20240903,091701866,folder-symlink,./input/icons\folder-symlink.svg,,
20240903091701867,20240903,091701867,folder-tree,./input/icons\folder-tree.svg,,
20240903091701868,20240903,091701868,folder-up,./input/icons\folder-up.svg,,
20240903091701869,20240903,091701869,folder-x,./input/icons\folder-x.svg,,
20240903091701870,20240903,091701870,folder,./input/icons\folder.svg,,
20240903091701871,20240903,091701871,folders,./input/icons\folders.svg,,
20240903091701872,20240903,091701872,footprints,./input/icons\footprints.svg,,
20240903091701873,20240903,091701873,forklift,./input/icons\forklift.svg,,
20240903091701874,20240903,091701874,form-input,./input/icons\form-input.svg,,
20240903091701875,20240903,091701875,forward,./input/icons\forward.svg,,
20240903091701876,20240903,091701876,frame,./input/icons\frame.svg,,
20240903091701877,20240903,091701877,framer,./input/icons\framer.svg,,
20240903091701878,20240903,091701878,frown,./input/icons\frown.svg,,
20240903091701879,20240903,091701879,fuel,./input/icons\fuel.svg,,
20240903091701880,20240903,091701880,function-square,./input/icons\function-square.svg,,
20240903091701881,20240903,091701881,gamepad-2,./input/icons\gamepad-2.svg,,
20240903091701882,20240903,091701882,gamepad,./input/icons\gamepad.svg,,
20240903091701883,20240903,091701883,gauge,./input/icons\gauge.svg,,
20240903091701884,20240903,091701884,gavel,./input/icons\gavel.svg,,
20240903091701885,20240903,091701885,gem,./input/icons\gem.svg,,
20240903091701886,20240903,091701886,ghost,./input/icons\ghost.svg,,
20240903091701887,20240903,091701887,gift,./input/icons\gift.svg,,
20240903091701888,20240903,091701888,git-branch-plus,./input/icons\git-branch-plus.svg,,
20240903091701889,20240903,091701889,git-branch,./input/icons\git-branch.svg,,
20240903091701890,20240903,091701890,git-commit,./input/icons\git-commit.svg,,
20240903091701891,20240903,091701891,git-compare,./input/icons\git-compare.svg,,
20240903091701892,20240903,091701892,git-fork,./input/icons\git-fork.svg,,
20240903091701893,20240903,091701893,git-merge,./input/icons\git-merge.svg,,
20240903091701894,20240903,091701894,git-pull-request-closed,./input/icons\git-pull-request-closed.svg,,
20240903091701895,20240903,091701895,git-pull-request-draft,./input/icons\git-pull-request-draft.svg,,
20240903091701896,20240903,091701896,git-pull-request,./input/icons\git-pull-request.svg,,
20240903091701897,20240903,091701897,github,./input/icons\github.svg,,
20240903091701898,20240903,091701898,gitlab,./input/icons\gitlab.svg,,
20240903091701899,20240903,091701899,glass-water,./input/icons\glass-water.svg,,
20240903091701900,20240903,091701900,glasses,./input/icons\glasses.svg,,
20240903091701901,20240903,091701901,globe-2,./input/icons\globe-2.svg,,
20240903091701902,20240903,091701902,globe,./input/icons\globe.svg,,
20240903091701903,20240903,091701903,goal,./input/icons\goal.svg,,
20240903091701904,20240903,091701904,grab,./input/icons\grab.svg,,
20240903091701905,20240903,091701905,graduation-cap,./input/icons\graduation-cap.svg,,
20240903091701906,20240903,091701906,grape,./input/icons\grape.svg,,
20240903091701907,20240903,091701907,grid,./input/icons\grid.svg,,
20240903091701908,20240903,091701908,grip-horizontal,./input/icons\grip-horizontal.svg,,
20240903091701909,20240903,091701909,grip-vertical,./input/icons\grip-vertical.svg,,
20240903091701910,20240903,091701910,grip,./input/icons\grip.svg,,
20240903091701911,20240903,091701911,group,./input/icons\group.svg,,
20240903091701912,20240903,091701912,hammer,./input/icons\hammer.svg,,
20240903091701913,20240903,091701913,hand-metal,./input/icons\hand-metal.svg,,
20240903091701914,20240903,091701914,hand,./input/icons\hand.svg,,
20240903091701915,20240903,091701915,hard-drive,./input/icons\hard-drive.svg,,
20240903091701916,20240903,091701916,hard-hat,./input/icons\hard-hat.svg,,
20240903091701917,20240903,091701917,hash,./input/icons\hash.svg,,
20240903091701918,20240903,091701918,haze,./input/icons\haze.svg,,
20240903091701919,20240903,091701919,heading-1,./input/icons\heading-1.svg,,
20240903091701920,20240903,091701920,heading-2,./input/icons\heading-2.svg,,
20240903091701921,20240903,091701921,heading-3,./input/icons\heading-3.svg,,
20240903091701922,20240903,091701922,heading-4,./input/icons\heading-4.svg,,
20240903091701923,20240903,091701923,heading-5,./input/icons\heading-5.svg,,
20240903091701924,20240903,091701924,heading-6,./input/icons\heading-6.svg,,
20240903091701925,20240903,091701925,heading,./input/icons\heading.svg,,
20240903091701926,20240903,091701926,headphones,./input/icons\headphones.svg,,
20240903091701927,20240903,091701927,heart-crack,./input/icons\heart-crack.svg,,
20240903091701928,20240903,091701928,heart-handshake,./input/icons\heart-handshake.svg,,
20240903091701929,20240903,091701929,heart-off,./input/icons\heart-off.svg,,
20240903091701930,20240903,091701930,heart-pulse,./input/icons\heart-pulse.svg,,
20240903091701931,20240903,091701931,heart,./input/icons\heart.svg,,
20240903091701932,20240903,091701932,help-circle,./input/icons\help-circle.svg,,
20240903091701933,20240903,091701933,helping-hand,./input/icons\helping-hand.svg,,
20240903091701934,20240903,091701934,hexagon,./input/icons\hexagon.svg,,
20240903091701935,20240903,091701935,highlighter,./input/icons\highlighter.svg,,
20240903091701936,20240903,091701936,history,./input/icons\history.svg,,
20240903091701937,20240903,091701937,home,./input/icons\home.svg,,
20240903091701938,20240903,091701938,hop-off,./input/icons\hop-off.svg,,
20240903091701939,20240903,091701939,hop,./input/icons\hop.svg,,
20240903091701940,20240903,091701940,hotel,./input/icons\hotel.svg,,
20240903091701941,20240903,091701941,hourglass,./input/icons\hourglass.svg,,
20240903091701942,20240903,091701942,ice-cream-2,./input/icons\ice-cream-2.svg,,
20240903091701943,20240903,091701943,ice-cream,./input/icons\ice-cream.svg,,
20240903091701944,20240903,091701944,image-minus,./input/icons\image-minus.svg,,
20240903091701945,20240903,091701945,image-off,./input/icons\image-off.svg,,
20240903091701946,20240903,091701946,image-plus,./input/icons\image-plus.svg,,
20240903091701947,20240903,091701947,image,./input/icons\image.svg,,
20240903091701948,20240903,091701948,import,./input/icons\import.svg,,
20240903091701949,20240903,091701949,inbox,./input/icons\inbox.svg,,
20240903091701950,20240903,091701950,indent,./input/icons\indent.svg,,
20240903091701951,20240903,091701951,indian-rupee,./input/icons\indian-rupee.svg,,
20240903091701952,20240903,091701952,infinity,./input/icons\infinity.svg,,
20240903091701953,20240903,091701953,info,./input/icons\info.svg,,
20240903091701954,20240903,091701954,inspect,./input/icons\inspect.svg,,
20240903091701955,20240903,091701955,instagram,./input/icons\instagram.svg,,
20240903091701956,20240903,091701956,italic,./input/icons\italic.svg,,
20240903091701957,20240903,091701957,iteration-ccw,./input/icons\iteration-ccw.svg,,
20240903091701958,20240903,091701958,iteration-cw,./input/icons\iteration-cw.svg,,
20240903091701959,20240903,091701959,japanese-yen,./input/icons\japanese-yen.svg,,
20240903091701960,20240903,091701960,joystick,./input/icons\joystick.svg,,
20240903091701961,20240903,091701961,key-round,./input/icons\key-round.svg,,
20240903091701962,20240903,091701962,key-square,./input/icons\key-square.svg,,
20240903091701963,20240903,091701963,key,./input/icons\key.svg,,
20240903091701964,20240903,091701964,keyboard,./input/icons\keyboard.svg,,
20240903091701965,20240903,091701965,lamp-ceiling,./input/icons\lamp-ceiling.svg,,
20240903091701966,20240903,091701966,lamp-desk,./input/icons\lamp-desk.svg,,
20240903091701967,20240903,091701967,lamp-floor,./input/icons\lamp-floor.svg,,
20240903091701968,20240903,091701968,lamp-wall-down,./input/icons\lamp-wall-down.svg,,
20240903091701969,20240903,091701969,lamp-wall-up,./input/icons\lamp-wall-up.svg,,
20240903091701970,20240903,091701970,lamp,./input/icons\lamp.svg,,
20240903091701971,20240903,091701971,landmark,./input/icons\landmark.svg,,
20240903091701972,20240903,091701972,languages,./input/icons\languages.svg,,
20240903091701973,20240903,091701973,laptop-2,./input/icons\laptop-2.svg,,
20240903091701974,20240903,091701974,laptop,./input/icons\laptop.svg,,
20240903091701975,20240903,091701975,lasso-select,./input/icons\lasso-select.svg,,
20240903091701976,20240903,091701976,lasso,./input/icons\lasso.svg,,
20240903091701977,20240903,091701977,laugh,./input/icons\laugh.svg,,
20240903091701978,20240903,091701978,layers,./input/icons\layers.svg,,
20240903091701979,20240903,091701979,layout-dashboard,./input/icons\layout-dashboard.svg,,
20240903091701980,20240903,091701980,layout-grid,./input/icons\layout-grid.svg,,
20240903091701981,20240903,091701981,layout-list,./input/icons\layout-list.svg,,
20240903091701982,20240903,091701982,layout-panel-left,./input/icons\layout-panel-left.svg,,
20240903091701983,20240903,091701983,layout-panel-top,./input/icons\layout-panel-top.svg,,
20240903091701984,20240903,091701984,layout-template,./input/icons\layout-template.svg,,
20240903091701985,20240903,091701985,layout,./input/icons\layout.svg,,
20240903091701986,20240903,091701986,leaf,./input/icons\leaf.svg,,
20240903091701987,20240903,091701987,leafy-green,./input/icons\leafy-green.svg,,
20240903091701988,20240903,091701988,library,./input/icons\library.svg,,
20240903091701989,20240903,091701989,life-buoy,./input/icons\life-buoy.svg,,
20240903091701990,20240903,091701990,ligature,./input/icons\ligature.svg,,
20240903091701991,20240903,091701991,lightbulb-off,./input/icons\lightbulb-off.svg,,
20240903091701992,20240903,091701992,lightbulb,./input/icons\lightbulb.svg,,
20240903091701993,20240903,091701993,line-chart,./input/icons\line-chart.svg,,
20240903091701994,20240903,091701994,link-2-off,./input/icons\link-2-off.svg,,
20240903091701995,20240903,091701995,link-2,./input/icons\link-2.svg,,
20240903091701996,20240903,091701996,link,./input/icons\link.svg,,
20240903091701997,20240903,091701997,linkedin,./input/icons\linkedin.svg,,
20240903091701998,20240903,091701998,list-checks,./input/icons\list-checks.svg,,
20240903091701999,20240903,091701999,list-end,./input/icons\list-end.svg,,
20240903091702000,20240903,091702000,list-filter,./input/icons\list-filter.svg,,
20240903091702001,20240903,091702001,list-minus,./input/icons\list-minus.svg,,
20240903091702002,20240903,091702002,list-music,./input/icons\list-music.svg,,
20240903091702003,20240903,091702003,list-ordered,./input/icons\list-ordered.svg,,
20240903091702004,20240903,091702004,list-plus,./input/icons\list-plus.svg,,
20240903091702005,20240903,091702005,list-restart,./input/icons\list-restart.svg,,
20240903091702006,20240903,091702006,list-start,./input/icons\list-start.svg,,
20240903091702007,20240903,091702007,list-tree,./input/icons\list-tree.svg,,
20240903091702008,20240903,091702008,list-video,./input/icons\list-video.svg,,
20240903091702009,20240903,091702009,list-x,./input/icons\list-x.svg,,
20240903091702010,20240903,091702010,list,./input/icons\list.svg,,
20240903091702011,20240903,091702011,loader-2,./input/icons\loader-2.svg,,
20240903091702012,20240903,091702012,loader,./input/icons\loader.svg,,
20240903091702013,20240903,091702013,locate-fixed,./input/icons\locate-fixed.svg,,
20240903091702014,20240903,091702014,locate-off,./input/icons\locate-off.svg,,
20240903091702015,20240903,091702015,locate,./input/icons\locate.svg,,
20240903091702016,20240903,091702016,lock,./input/icons\lock.svg,,
20240903091702017,20240903,091702017,log-in,./input/icons\log-in.svg,,
20240903091702018,20240903,091702018,log-out,./input/icons\log-out.svg,,
20240903091702019,20240903,091702019,lollipop,./input/icons\lollipop.svg,,
20240903091702020,20240903,091702020,luggage,./input/icons\luggage.svg,,
20240903091702021,20240903,091702021,magnet,./input/icons\magnet.svg,,
20240903091702022,20240903,091702022,mail-check,./input/icons\mail-check.svg,,
20240903091702023,20240903,091702023,mail-minus,./input/icons\mail-minus.svg,,
20240903091702024,20240903,091702024,mail-open,./input/icons\mail-open.svg,,
20240903091702025,20240903,091702025,mail-plus,./input/icons\mail-plus.svg,,
20240903091702026,20240903,091702026,mail-question,./input/icons\mail-question.svg,,
20240903091702027,20240903,091702027,mail-search,./input/icons\mail-search.svg,,
20240903091702028,20240903,091702028,mail-warning,./input/icons\mail-warning.svg,,
20240903091702029,20240903,091702029,mail-x,./input/icons\mail-x.svg,,
20240903091702030,20240903,091702030,mail,./input/icons\mail.svg,,
20240903091702031,20240903,091702031,mailbox,./input/icons\mailbox.svg,,
20240903091702032,20240903,091702032,mails,./input/icons\mails.svg,,
20240903091702033,20240903,091702033,map-pin-off,./input/icons\map-pin-off.svg,,
20240903091702034,20240903,091702034,map-pin,./input/icons\map-pin.svg,,
20240903091702035,20240903,091702035,map,./input/icons\map.svg,,
20240903091702036,20240903,091702036,martini,./input/icons\martini.svg,,
20240903091702037,20240903,091702037,maximize-2,./input/icons\maximize-2.svg,,
20240903091702038,20240903,091702038,maximize,./input/icons\maximize.svg,,
20240903091702039,20240903,091702039,medal,./input/icons\medal.svg,,
20240903091702040,20240903,091702040,megaphone-off,./input/icons\megaphone-off.svg,,
20240903091702041,20240903,091702041,megaphone,./input/icons\megaphone.svg,,
20240903091702042,20240903,091702042,meh,./input/icons\meh.svg,,
20240903091702043,20240903,091702043,memory-stick,./input/icons\memory-stick.svg,,
20240903091702044,20240903,091702044,menu-square,./input/icons\menu-square.svg,,
20240903091702045,20240903,091702045,menu,./input/icons\menu.svg,,
20240903091702046,20240903,091702046,merge,./input/icons\merge.svg,,
20240903091702047,20240903,091702047,message-circle,./input/icons\message-circle.svg,,
20240903091702048,20240903,091702048,message-square-dashed,./input/icons\message-square-dashed.svg,,
20240903091702049,20240903,091702049,message-square-plus,./input/icons\message-square-plus.svg,,
20240903091702050,20240903,091702050,message-square,./input/icons\message-square.svg,,
20240903091702051,20240903,091702051,messages-square,./input/icons\messages-square.svg,,
20240903091702052,20240903,091702052,mic-2,./input/icons\mic-2.svg,,
20240903091702053,20240903,091702053,mic-off,./input/icons\mic-off.svg,,
20240903091702054,20240903,091702054,mic,./input/icons\mic.svg,,
20240903091702055,20240903,091702055,microscope,./input/icons\microscope.svg,,
20240903091702056,20240903,091702056,microwave,./input/icons\microwave.svg,,
20240903091702057,20240903,091702057,milestone,./input/icons\milestone.svg,,
20240903091702058,20240903,091702058,milk-off,./input/icons\milk-off.svg,,
20240903091702059,20240903,091702059,milk,./input/icons\milk.svg,,
20240903091702060,20240903,091702060,minimize-2,./input/icons\minimize-2.svg,,
20240903091702061,20240903,091702061,minimize,./input/icons\minimize.svg,,
20240903091702062,20240903,091702062,minus-circle,./input/icons\minus-circle.svg,,
20240903091702063,20240903,091702063,minus-square,./input/icons\minus-square.svg,,
20240903091702064,20240903,091702064,minus,./input/icons\minus.svg,,
20240903091702065,20240903,091702065,monitor-check,./input/icons\monitor-check.svg,,
20240903091702066,20240903,091702066,monitor-dot,./input/icons\monitor-dot.svg,,
20240903091702067,20240903,091702067,monitor-down,./input/icons\monitor-down.svg,,
20240903091702068,20240903,091702068,monitor-off,./input/icons\monitor-off.svg,,
20240903091702069,20240903,091702069,monitor-pause,./input/icons\monitor-pause.svg,,
20240903091702070,20240903,091702070,monitor-play,./input/icons\monitor-play.svg,,
20240903091702071,20240903,091702071,monitor-smartphone,./input/icons\monitor-smartphone.svg,,
20240903091702072,20240903,091702072,monitor-speaker,./input/icons\monitor-speaker.svg,,
20240903091702073,20240903,091702073,monitor-stop,./input/icons\monitor-stop.svg,,
20240903091702074,20240903,091702074,monitor-up,./input/icons\monitor-up.svg,,
20240903091702075,20240903,091702075,monitor-x,./input/icons\monitor-x.svg,,
20240903091702076,20240903,091702076,monitor,./input/icons\monitor.svg,,
20240903091702077,20240903,091702077,moon-star,./input/icons\moon-star.svg,,
20240903091702078,20240903,091702078,moon,./input/icons\moon.svg,,
20240903091702079,20240903,091702079,more-horizontal,./input/icons\more-horizontal.svg,,
20240903091702080,20240903,091702080,more-vertical,./input/icons\more-vertical.svg,,
20240903091702081,20240903,091702081,mountain-snow,./input/icons\mountain-snow.svg,,
20240903091702082,20240903,091702082,mountain,./input/icons\mountain.svg,,
20240903091702083,20240903,091702083,mouse-pointer-2,./input/icons\mouse-pointer-2.svg,,
20240903091702084,20240903,091702084,mouse-pointer-click,./input/icons\mouse-pointer-click.svg,,
20240903091702085,20240903,091702085,mouse-pointer,./input/icons\mouse-pointer.svg,,
20240903091702086,20240903,091702086,mouse,./input/icons\mouse.svg,,
20240903091702087,20240903,091702087,move-3d,./input/icons\move-3d.svg,,
20240903091702088,20240903,091702088,move-diagonal-2,./input/icons\move-diagonal-2.svg,,
20240903091702089,20240903,091702089,move-diagonal,./input/icons\move-diagonal.svg,,
20240903091702090,20240903,091702090,move-down-left,./input/icons\move-down-left.svg,,
20240903091702091,20240903,091702091,move-down-right,./input/icons\move-down-right.svg,,
20240903091702092,20240903,091702092,move-down,./input/icons\move-down.svg,,
20240903091702093,20240903,091702093,move-horizontal,./input/icons\move-horizontal.svg,,
20240903091702094,20240903,091702094,move-left,./input/icons\move-left.svg,,
20240903091702095,20240903,091702095,move-right,./input/icons\move-right.svg,,
20240903091702096,20240903,091702096,move-up-left,./input/icons\move-up-left.svg,,
20240903091702097,20240903,091702097,move-up-right,./input/icons\move-up-right.svg,,
20240903091702098,20240903,091702098,move-up,./input/icons\move-up.svg,,
20240903091702099,20240903,091702099,move-vertical,./input/icons\move-vertical.svg,,
20240903091702100,20240903,091702100,move,./input/icons\move.svg,,
20240903091702101,20240903,091702101,music-2,./input/icons\music-2.svg,,
20240903091702102,20240903,091702102,music-3,./input/icons\music-3.svg,,
20240903091702103,20240903,091702103,music-4,./input/icons\music-4.svg,,
20240903091702104,20240903,091702104,music,./input/icons\music.svg,,
20240903091702105,20240903,091702105,navigation-2-off,./input/icons\navigation-2-off.svg,,
20240903091702106,20240903,091702106,navigation-2,./input/icons\navigation-2.svg,,
20240903091702107,20240903,091702107,navigation-off,./input/icons\navigation-off.svg,,
20240903091702108,20240903,091702108,navigation,./input/icons\navigation.svg,,
20240903091702109,20240903,091702109,network,./input/icons\network.svg,,
20240903091702110,20240903,091702110,newspaper,./input/icons\newspaper.svg,,
20240903091702111,20240903,091702111,nfc,./input/icons\nfc.svg,,
20240903091702112,20240903,091702112,nut-off,./input/icons\nut-off.svg,,
20240903091702113,20240903,091702113,nut,./input/icons\nut.svg,,
20240903091702114,20240903,091702114,octagon,./input/icons\octagon.svg,,
20240903091702115,20240903,091702115,option,./input/icons\option.svg,,
20240903091702116,20240903,091702116,orbit,./input/icons\orbit.svg,,
20240903091702117,20240903,091702117,outdent,./input/icons\outdent.svg,,
20240903091702118,20240903,091702118,package-2,./input/icons\package-2.svg,,
20240903091702119,20240903,091702119,package-check,./input/icons\package-check.svg,,
20240903091702120,20240903,091702120,package-minus,./input/icons\package-minus.svg,,
20240903091702121,20240903,091702121,package-open,./input/icons\package-open.svg,,
20240903091702122,20240903,091702122,package-plus,./input/icons\package-plus.svg,,
20240903091702123,20240903,091702123,package-search,./input/icons\package-search.svg,,
20240903091702124,20240903,091702124,package-x,./input/icons\package-x.svg,,
20240903091702125,20240903,091702125,package,./input/icons\package.svg,,
20240903091702126,20240903,091702126,paint-bucket,./input/icons\paint-bucket.svg,,
20240903091702127,20240903,091702127,paintbrush-2,./input/icons\paintbrush-2.svg,,
20240903091702128,20240903,091702128,paintbrush,./input/icons\paintbrush.svg,,
20240903091702129,20240903,091702129,palette,./input/icons\palette.svg,,
20240903091702130,20240903,091702130,palmtree,./input/icons\palmtree.svg,,
20240903091702131,20240903,091702131,panel-bottom-close,./input/icons\panel-bottom-close.svg,,
20240903091702132,20240903,091702132,panel-bottom-inactive,./input/icons\panel-bottom-inactive.svg,,
20240903091702133,20240903,091702133,panel-bottom-open,./input/icons\panel-bottom-open.svg,,
20240903091702134,20240903,091702134,panel-bottom,./input/icons\panel-bottom.svg,,
20240903091702135,20240903,091702135,panel-left-close,./input/icons\panel-left-close.svg,,
20240903091702136,20240903,091702136,panel-left-inactive,./input/icons\panel-left-inactive.svg,,
20240903091702137,20240903,091702137,panel-left-open,./input/icons\panel-left-open.svg,,
20240903091702138,20240903,091702138,panel-left,./input/icons\panel-left.svg,,
20240903091702139,20240903,091702139,panel-right-close,./input/icons\panel-right-close.svg,,
20240903091702140,20240903,091702140,panel-right-inactive,./input/icons\panel-right-inactive.svg,,
20240903091702141,20240903,091702141,panel-right-open,./input/icons\panel-right-open.svg,,
20240903091702142,20240903,091702142,panel-right,./input/icons\panel-right.svg,,
20240903091702143,20240903,091702143,panel-top-close,./input/icons\panel-top-close.svg,,
20240903091702144,20240903,091702144,panel-top-inactive,./input/icons\panel-top-inactive.svg,,
20240903091702145,20240903,091702145,panel-top-open,./input/icons\panel-top-open.svg,,
20240903091702146,20240903,091702146,panel-top,./input/icons\panel-top.svg,,
20240903091702147,20240903,091702147,paperclip,./input/icons\paperclip.svg,,
20240903091702148,20240903,091702148,parentheses,./input/icons\parentheses.svg,,
20240903091702149,20240903,091702149,parking-circle-off,./input/icons\parking-circle-off.svg,,
20240903091702150,20240903,091702150,parking-circle,./input/icons\parking-circle.svg,,
20240903091702151,20240903,091702151,parking-square-off,./input/icons\parking-square-off.svg,,
20240903091702152,20240903,091702152,parking-square,./input/icons\parking-square.svg,,
20240903091702153,20240903,091702153,party-popper,./input/icons\party-popper.svg,,
20240903091702154,20240903,091702154,pause-circle,./input/icons\pause-circle.svg,,
20240903091702155,20240903,091702155,pause-octagon,./input/icons\pause-octagon.svg,,
20240903091702156,20240903,091702156,pause,./input/icons\pause.svg,,
20240903091702157,20240903,091702157,pc-case,./input/icons\pc-case.svg,,
20240903091702158,20240903,091702158,pen-tool,./input/icons\pen-tool.svg,,
20240903091702159,20240903,091702159,pencil,./input/icons\pencil.svg,,
20240903091702160,20240903,091702160,percent,./input/icons\percent.svg,,
20240903091702161,20240903,091702161,person-standing,./input/icons\person-standing.svg,,
20240903091702162,20240903,091702162,phone-call,./input/icons\phone-call.svg,,
20240903091702163,20240903,091702163,phone-forwarded,./input/icons\phone-forwarded.svg,,
20240903091702164,20240903,091702164,phone-incoming,./input/icons\phone-incoming.svg,,
20240903091702165,20240903,091702165,phone-missed,./input/icons\phone-missed.svg,,
20240903091702166,20240903,091702166,phone-off,./input/icons\phone-off.svg,,
20240903091702167,20240903,091702167,phone-outgoing,./input/icons\phone-outgoing.svg,,
20240903091702168,20240903,091702168,phone,./input/icons\phone.svg,,
20240903091702169,20240903,091702169,pi-square,./input/icons\pi-square.svg,,
20240903091702170,20240903,091702170,pi,./input/icons\pi.svg,,
20240903091702171,20240903,091702171,picture-in-picture-2,./input/icons\picture-in-picture-2.svg,,
20240903091702172,20240903,091702172,picture-in-picture,./input/icons\picture-in-picture.svg,,
20240903091702173,20240903,091702173,pie-chart,./input/icons\pie-chart.svg,,
20240903091702174,20240903,091702174,piggy-bank,./input/icons\piggy-bank.svg,,
20240903091702175,20240903,091702175,pilcrow-square,./input/icons\pilcrow-square.svg,,
20240903091702176,20240903,091702176,pilcrow,./input/icons\pilcrow.svg,,
20240903091702177,20240903,091702177,pill,./input/icons\pill.svg,,
20240903091702178,20240903,091702178,pin-off,./input/icons\pin-off.svg,,
20240903091702179,20240903,091702179,pin,./input/icons\pin.svg,,
20240903091702180,20240903,091702180,pipette,./input/icons\pipette.svg,,
20240903091702181,20240903,091702181,pizza,./input/icons\pizza.svg,,
20240903091702182,20240903,091702182,plane-landing,./input/icons\plane-landing.svg,,
20240903091702183,20240903,091702183,plane-takeoff,./input/icons\plane-takeoff.svg,,
20240903091702184,20240903,091702184,plane,./input/icons\plane.svg,,
20240903091702185,20240903,091702185,play-circle,./input/icons\play-circle.svg,,
20240903091702186,20240903,091702186,play-square,./input/icons\play-square.svg,,
20240903091702187,20240903,091702187,play,./input/icons\play.svg,,
20240903091702188,20240903,091702188,plug-2,./input/icons\plug-2.svg,,
20240903091702189,20240903,091702189,plug-zap-2,./input/icons\plug-zap-2.svg,,
20240903091702190,20240903,091702190,plug-zap,./input/icons\plug-zap.svg,,
20240903091702191,20240903,091702191,plug,./input/icons\plug.svg,,
20240903091702192,20240903,091702192,plus-circle,./input/icons\plus-circle.svg,,
20240903091702193,20240903,091702193,plus-square,./input/icons\plus-square.svg,,
20240903091702194,20240903,091702194,plus,./input/icons\plus.svg,,
20240903091702195,20240903,091702195,pocket-knife,./input/icons\pocket-knife.svg,,
20240903091702196,20240903,091702196,pocket,./input/icons\pocket.svg,,
20240903091702197,20240903,091702197,podcast,./input/icons\podcast.svg,,
20240903091702198,20240903,091702198,pointer,./input/icons\pointer.svg,,
20240903091702199,20240903,091702199,popcorn,./input/icons\popcorn.svg,,
20240903091702200,20240903,091702200,popsicle,./input/icons\popsicle.svg,,
20240903091702201,20240903,091702201,pound-sterling,./input/icons\pound-sterling.svg,,
20240903091702202,20240903,091702202,power-off,./input/icons\power-off.svg,,
20240903091702203,20240903,091702203,power,./input/icons\power.svg,,
20240903091702204,20240903,091702204,presentation,./input/icons\presentation.svg,,
20240903091702205,20240903,091702205,printer,./input/icons\printer.svg,,
20240903091702206,20240903,091702206,projector,./input/icons\projector.svg,,
20240903091702207,20240903,091702207,puzzle,./input/icons\puzzle.svg,,
20240903091702208,20240903,091702208,qr-code,./input/icons\qr-code.svg,,
20240903091702209,20240903,091702209,quote,./input/icons\quote.svg,,
20240903091702210,20240903,091702210,radar,./input/icons\radar.svg,,
20240903091702211,20240903,091702211,radiation,./input/icons\radiation.svg,,
20240903091702212,20240903,091702212,radio-receiver,./input/icons\radio-receiver.svg,,
20240903091702213,20240903,091702213,radio-tower,./input/icons\radio-tower.svg,,
20240903091702214,20240903,091702214,radio,./input/icons\radio.svg,,
20240903091702215,20240903,091702215,rainbow,./input/icons\rainbow.svg,,
20240903091702216,20240903,091702216,rat,./input/icons\rat.svg,,
20240903091702217,20240903,091702217,receipt,./input/icons\receipt.svg,,
20240903091702218,20240903,091702218,rectangle-horizontal,./input/icons\rectangle-horizontal.svg,,
20240903091702219,20240903,091702219,rectangle-vertical,./input/icons\rectangle-vertical.svg,,
20240903091702220,20240903,091702220,recycle,./input/icons\recycle.svg,,
20240903091702221,20240903,091702221,redo-2,./input/icons\redo-2.svg,,
20240903091702222,20240903,091702222,redo-dot,./input/icons\redo-dot.svg,,
20240903091702223,20240903,091702223,redo,./input/icons\redo.svg,,
20240903091702224,20240903,091702224,refresh-ccw-dot,./input/icons\refresh-ccw-dot.svg,,
20240903091702225,20240903,091702225,refresh-ccw,./input/icons\refresh-ccw.svg,,
20240903091702226,20240903,091702226,refresh-cw-off,./input/icons\refresh-cw-off.svg,,
20240903091702227,20240903,091702227,refresh-cw,./input/icons\refresh-cw.svg,,
20240903091702228,20240903,091702228,refrigerator,./input/icons\refrigerator.svg,,
20240903091702229,20240903,091702229,regex,./input/icons\regex.svg,,
20240903091702230,20240903,091702230,remove-formatting,./input/icons\remove-formatting.svg,,
20240903091702231,20240903,091702231,repeat-1,./input/icons\repeat-1.svg,,
20240903091702232,20240903,091702232,repeat-2,./input/icons\repeat-2.svg,,
20240903091702233,20240903,091702233,repeat,./input/icons\repeat.svg,,
20240903091702234,20240903,091702234,replace-all,./input/icons\replace-all.svg,,
20240903091702235,20240903,091702235,replace,./input/icons\replace.svg,,
20240903091702236,20240903,091702236,reply-all,./input/icons\reply-all.svg,,
20240903091702237,20240903,091702237,reply,./input/icons\reply.svg,,
20240903091702238,20240903,091702238,rewind,./input/icons\rewind.svg,,
20240903091702239,20240903,091702239,rocket,./input/icons\rocket.svg,,
20240903091702240,20240903,091702240,rocking-chair,./input/icons\rocking-chair.svg,,
20240903091702241,20240903,091702241,roller-coaster,./input/icons\roller-coaster.svg,,
20240903091702242,20240903,091702242,rotate-3d,./input/icons\rotate-3d.svg,,
20240903091702243,20240903,091702243,rotate-ccw,./input/icons\rotate-ccw.svg,,
20240903091702244,20240903,091702244,rotate-cw,./input/icons\rotate-cw.svg,,
20240903091702245,20240903,091702245,router,./input/icons\router.svg,,
20240903091702246,20240903,091702246,rows,./input/icons\rows.svg,,
20240903091702247,20240903,091702247,rss,./input/icons\rss.svg,,
20240903091702248,20240903,091702248,ruler,./input/icons\ruler.svg,,
20240903091702249,20240903,091702249,russian-ruble,./input/icons\russian-ruble.svg,,
20240903091702250,20240903,091702250,sailboat,./input/icons\sailboat.svg,,
20240903091702251,20240903,091702251,salad,./input/icons\salad.svg,,
20240903091702252,20240903,091702252,sandwich,./input/icons\sandwich.svg,,
20240903091702253,20240903,091702253,satellite-dish,./input/icons\satellite-dish.svg,,
20240903091702254,20240903,091702254,satellite,./input/icons\satellite.svg,,
20240903091702255,20240903,091702255,save-all,./input/icons\save-all.svg,,
20240903091702256,20240903,091702256,save,./input/icons\save.svg,,
20240903091702257,20240903,091702257,scale-3d,./input/icons\scale-3d.svg,,
20240903091702258,20240903,091702258,scale,./input/icons\scale.svg,,
20240903091702259,20240903,091702259,scaling,./input/icons\scaling.svg,,
20240903091702260,20240903,091702260,scan-face,./input/icons\scan-face.svg,,
20240903091702261,20240903,091702261,scan-line,./input/icons\scan-line.svg,,
20240903091702262,20240903,091702262,scan,./input/icons\scan.svg,,
20240903091702263,20240903,091702263,scatter-chart,./input/icons\scatter-chart.svg,,
20240903091702264,20240903,091702264,school-2,./input/icons\school-2.svg,,
20240903091702265,20240903,091702265,school,./input/icons\school.svg,,
20240903091702266,20240903,091702266,scissors,./input/icons\scissors.svg,,
20240903091702267,20240903,091702267,screen-share-off,./input/icons\screen-share-off.svg,,
20240903091702268,20240903,091702268,screen-share,./input/icons\screen-share.svg,,
20240903091702269,20240903,091702269,scroll-text,./input/icons\scroll-text.svg,,
20240903091702270,20240903,091702270,scroll,./input/icons\scroll.svg,,
20240903091702271,20240903,091702271,search-check,./input/icons\search-check.svg,,
20240903091702272,20240903,091702272,search-code,./input/icons\search-code.svg,,
20240903091702273,20240903,091702273,search-slash,./input/icons\search-slash.svg,,
20240903091702274,20240903,091702274,search-x,./input/icons\search-x.svg,,
20240903091702275,20240903,091702275,search,./input/icons\search.svg,,
20240903091702276,20240903,091702276,send,./input/icons\send.svg,,
20240903091702277,20240903,091702277,separator-horizontal,./input/icons\separator-horizontal.svg,,
20240903091702278,20240903,091702278,separator-vertical,./input/icons\separator-vertical.svg,,
20240903091702279,20240903,091702279,server-cog,./input/icons\server-cog.svg,,
20240903091702280,20240903,091702280,server-crash,./input/icons\server-crash.svg,,
20240903091702281,20240903,091702281,server-off,./input/icons\server-off.svg,,
20240903091702282,20240903,091702282,server,./input/icons\server.svg,,
20240903091702283,20240903,091702283,settings-2,./input/icons\settings-2.svg,,
20240903091702284,20240903,091702284,settings,./input/icons\settings.svg,,
20240903091702285,20240903,091702285,shapes,./input/icons\shapes.svg,,
20240903091702286,20240903,091702286,share-2,./input/icons\share-2.svg,,
20240903091702287,20240903,091702287,share,./input/icons\share.svg,,
20240903091702288,20240903,091702288,sheet,./input/icons\sheet.svg,,
20240903091702289,20240903,091702289,shield-alert,./input/icons\shield-alert.svg,,
20240903091702290,20240903,091702290,shield-check,./input/icons\shield-check.svg,,
20240903091702291,20240903,091702291,shield-close,./input/icons\shield-close.svg,,
20240903091702292,20240903,091702292,shield-off,./input/icons\shield-off.svg,,
20240903091702293,20240903,091702293,shield-question,./input/icons\shield-question.svg,,
20240903091702294,20240903,091702294,shield,./input/icons\shield.svg,,
20240903091702295,20240903,091702295,ship,./input/icons\ship.svg,,
20240903091702296,20240903,091702296,shirt,./input/icons\shirt.svg,,
20240903091702297,20240903,091702297,shopping-bag,./input/icons\shopping-bag.svg,,
20240903091702298,20240903,091702298,shopping-cart,./input/icons\shopping-cart.svg,,
20240903091702299,20240903,091702299,shovel,./input/icons\shovel.svg,,
20240903091702300,20240903,091702300,shower-head,./input/icons\shower-head.svg,,
20240903091702301,20240903,091702301,shrink,./input/icons\shrink.svg,,
20240903091702302,20240903,091702302,shrub,./input/icons\shrub.svg,,
20240903091702303,20240903,091702303,shuffle,./input/icons\shuffle.svg,,
20240903091702304,20240903,091702304,sigma-square,./input/icons\sigma-square.svg,,
20240903091702305,20240903,091702305,sigma,./input/icons\sigma.svg,,
20240903091702306,20240903,091702306,signal-high,./input/icons\signal-high.svg,,
20240903091702307,20240903,091702307,signal-low,./input/icons\signal-low.svg,,
20240903091702308,20240903,091702308,signal-medium,./input/icons\signal-medium.svg,,
20240903091702309,20240903,091702309,signal-zero,./input/icons\signal-zero.svg,,
20240903091702310,20240903,091702310,signal,./input/icons\signal.svg,,
20240903091702311,20240903,091702311,siren,./input/icons\siren.svg,,
20240903091702312,20240903,091702312,skip-back,./input/icons\skip-back.svg,,
20240903091702313,20240903,091702313,skip-forward,./input/icons\skip-forward.svg,,
20240903091702314,20240903,091702314,skull,./input/icons\skull.svg,,
20240903091702315,20240903,091702315,slack,./input/icons\slack.svg,,
20240903091702316,20240903,091702316,slice,./input/icons\slice.svg,,
20240903091702317,20240903,091702317,sliders-horizontal,./input/icons\sliders-horizontal.svg,,
20240903091702318,20240903,091702318,sliders,./input/icons\sliders.svg,,
20240903091702319,20240903,091702319,smartphone-charging,./input/icons\smartphone-charging.svg,,
20240903091702320,20240903,091702320,smartphone-nfc,./input/icons\smartphone-nfc.svg,,
20240903091702321,20240903,091702321,smartphone,./input/icons\smartphone.svg,,
20240903091702322,20240903,091702322,smile-plus,./input/icons\smile-plus.svg,,
20240903091702323,20240903,091702323,smile,./input/icons\smile.svg,,
20240903091702324,20240903,091702324,snowflake,./input/icons\snowflake.svg,,
20240903091702325,20240903,091702325,sofa,./input/icons\sofa.svg,,
20240903091702326,20240903,091702326,soup,./input/icons\soup.svg,,
20240903091702327,20240903,091702327,space,./input/icons\space.svg,,
20240903091702328,20240903,091702328,spade,./input/icons\spade.svg,,
20240903091702329,20240903,091702329,sparkle,./input/icons\sparkle.svg,,
20240903091702330,20240903,091702330,sparkles,./input/icons\sparkles.svg,,
20240903091702331,20240903,091702331,speaker,./input/icons\speaker.svg,,
20240903091702332,20240903,091702332,spell-check-2,./input/icons\spell-check-2.svg,,
20240903091702333,20240903,091702333,spell-check,./input/icons\spell-check.svg,,
20240903091702334,20240903,091702334,spline,./input/icons\spline.svg,,
20240903091702335,20240903,091702335,split-square-horizontal,./input/icons\split-square-horizontal.svg,,
20240903091702336,20240903,091702336,split-square-vertical,./input/icons\split-square-vertical.svg,,
20240903091702337,20240903,091702337,split,./input/icons\split.svg,,
20240903091702338,20240903,091702338,spray-can,./input/icons\spray-can.svg,,
20240903091702339,20240903,091702339,sprout,./input/icons\sprout.svg,,
20240903091702340,20240903,091702340,square-asterisk,./input/icons\square-asterisk.svg,,
20240903091702341,20240903,091702341,square-code,./input/icons\square-code.svg,,
20240903091702342,20240903,091702342,square-dashed-bottom-code,./input/icons\square-dashed-bottom-code.svg,,
20240903091702343,20240903,091702343,square-dashed-bottom,./input/icons\square-dashed-bottom.svg,,
20240903091702344,20240903,091702344,square-dot,./input/icons\square-dot.svg,,
20240903091702345,20240903,091702345,square-equal,./input/icons\square-equal.svg,,
20240903091702346,20240903,091702346,square-slash,./input/icons\square-slash.svg,,
20240903091702347,20240903,091702347,square-stack,./input/icons\square-stack.svg,,
20240903091702348,20240903,091702348,square,./input/icons\square.svg,,
20240903091702349,20240903,091702349,squirrel,./input/icons\squirrel.svg,,
20240903091702350,20240903,091702350,stamp,./input/icons\stamp.svg,,
20240903091702351,20240903,091702351,star-half,./input/icons\star-half.svg,,
20240903091702352,20240903,091702352,star-off,./input/icons\star-off.svg,,
20240903091702353,20240903,091702353,star,./input/icons\star.svg,,
20240903091702354,20240903,091702354,step-back,./input/icons\step-back.svg,,
20240903091702355,20240903,091702355,step-forward,./input/icons\step-forward.svg,,
20240903091702356,20240903,091702356,stethoscope,./input/icons\stethoscope.svg,,
20240903091702357,20240903,091702357,sticker,./input/icons\sticker.svg,,
20240903091702358,20240903,091702358,sticky-note,./input/icons\sticky-note.svg,,
20240903091702359,20240903,091702359,stop-circle,./input/icons\stop-circle.svg,,
20240903091702360,20240903,091702360,store,./input/icons\store.svg,,
20240903091702361,20240903,091702361,stretch-horizontal,./input/icons\stretch-horizontal.svg,,
20240903091702362,20240903,091702362,stretch-vertical,./input/icons\stretch-vertical.svg,,
20240903091702363,20240903,091702363,strikethrough,./input/icons\strikethrough.svg,,
20240903091702364,20240903,091702364,subscript,./input/icons\subscript.svg,,
20240903091702365,20240903,091702365,subtitles,./input/icons\subtitles.svg,,
20240903091702366,20240903,091702366,sun-dim,./input/icons\sun-dim.svg,,
20240903091702367,20240903,091702367,sun-medium,./input/icons\sun-medium.svg,,
20240903091702368,20240903,091702368,sun-moon,./input/icons\sun-moon.svg,,
20240903091702369,20240903,091702369,sun-snow,./input/icons\sun-snow.svg,,
20240903091702370,20240903,091702370,sun,./input/icons\sun.svg,,
20240903091702371,20240903,091702371,sunrise,./input/icons\sunrise.svg,,
20240903091702372,20240903,091702372,sunset,./input/icons\sunset.svg,,
20240903091702373,20240903,091702373,superscript,./input/icons\superscript.svg,,
20240903091702374,20240903,091702374,swiss-franc,./input/icons\swiss-franc.svg,,
20240903091702375,20240903,091702375,switch-camera,./input/icons\switch-camera.svg,,
20240903091702376,20240903,091702376,sword,./input/icons\sword.svg,,
20240903091702377,20240903,091702377,swords,./input/icons\swords.svg,,
20240903091702378,20240903,091702378,syringe,./input/icons\syringe.svg,,
20240903091702379,20240903,091702379,table-2,./input/icons\table-2.svg,,
20240903091702380,20240903,091702380,table,./input/icons\table.svg,,
20240903091702381,20240903,091702381,tablet,./input/icons\tablet.svg,,
20240903091702382,20240903,091702382,tablets,./input/icons\tablets.svg,,
20240903091702383,20240903,091702383,tag,./input/icons\tag.svg,,
20240903091702384,20240903,091702384,tags,./input/icons\tags.svg,,
20240903091702385,20240903,091702385,target,./input/icons\target.svg,,
20240903091702386,20240903,091702386,tent,./input/icons\tent.svg,,
20240903091702387,20240903,091702387,terminal-square,./input/icons\terminal-square.svg,,
20240903091702388,20240903,091702388,terminal,./input/icons\terminal.svg,,
20240903091702389,20240903,091702389,test-tube-2,./input/icons\test-tube-2.svg,,
20240903091702390,20240903,091702390,test-tube,./input/icons\test-tube.svg,,
20240903091702391,20240903,091702391,test-tubes,./input/icons\test-tubes.svg,,
20240903091702392,20240903,091702392,text-cursor-input,./input/icons\text-cursor-input.svg,,
20240903091702393,20240903,091702393,text-cursor,./input/icons\text-cursor.svg,,
20240903091702394,20240903,091702394,text-quote,./input/icons\text-quote.svg,,
20240903091702395,20240903,091702395,text-select,./input/icons\text-select.svg,,
20240903091702396,20240903,091702396,text,./input/icons\text.svg,,
20240903091702397,20240903,091702397,thermometer-snowflake,./input/icons\thermometer-snowflake.svg,,
20240903091702398,20240903,091702398,thermometer-sun,./input/icons\thermometer-sun.svg,,
20240903091702399,20240903,091702399,thermometer,./input/icons\thermometer.svg,,
20240903091702400,20240903,091702400,thumbs-down,./input/icons\thumbs-down.svg,,
20240903091702401,20240903,091702401,thumbs-up,./input/icons\thumbs-up.svg,,
20240903091702402,20240903,091702402,ticket,./input/icons\ticket.svg,,
20240903091702403,20240903,091702403,timer-off,./input/icons\timer-off.svg,,
20240903091702404,20240903,091702404,timer-reset,./input/icons\timer-reset.svg,,
20240903091702405,20240903,091702405,timer,./input/icons\timer.svg,,
20240903091702406,20240903,091702406,toggle-left,./input/icons\toggle-left.svg,,
20240903091702407,20240903,091702407,toggle-right,./input/icons\toggle-right.svg,,
20240903091702408,20240903,091702408,tornado,./input/icons\tornado.svg,,
20240903091702409,20240903,091702409,touchpad-off,./input/icons\touchpad-off.svg,,
20240903091702410,20240903,091702410,touchpad,./input/icons\touchpad.svg,,
20240903091702411,20240903,091702411,tower-control,./input/icons\tower-control.svg,,
20240903091702412,20240903,091702412,toy-brick,./input/icons\toy-brick.svg,,
20240903091702413,20240903,091702413,train,./input/icons\train.svg,,
20240903091702414,20240903,091702414,trash-2,./input/icons\trash-2.svg,,
20240903091702415,20240903,091702415,trash,./input/icons\trash.svg,,
20240903091702416,20240903,091702416,tree-deciduous,./input/icons\tree-deciduous.svg,,
20240903091702417,20240903,091702417,tree-pine,./input/icons\tree-pine.svg,,
20240903091702418,20240903,091702418,trees,./input/icons\trees.svg,,
20240903091702419,20240903,091702419,trello,./input/icons\trello.svg,,
20240903091702420,20240903,091702420,trending-down,./input/icons\trending-down.svg,,
20240903091702421,20240903,091702421,trending-up,./input/icons\trending-up.svg,,
20240903091702422,20240903,091702422,triangle,./input/icons\triangle.svg,,
20240903091702423,20240903,091702423,trophy,./input/icons\trophy.svg,,
20240903091702424,20240903,091702424,truck,./input/icons\truck.svg,,
20240903091702425,20240903,091702425,tv-2,./input/icons\tv-2.svg,,
20240903091702426,20240903,091702426,tv,./input/icons\tv.svg,,
20240903091702427,20240903,091702427,twitch,./input/icons\twitch.svg,,
20240903091702428,20240903,091702428,twitter,./input/icons\twitter.svg,,
20240903091702429,20240903,091702429,type,./input/icons\type.svg,,
20240903091702430,20240903,091702430,umbrella,./input/icons\umbrella.svg,,
20240903091702431,20240903,091702431,underline,./input/icons\underline.svg,,
20240903091702432,20240903,091702432,undo-2,./input/icons\undo-2.svg,,
20240903091702433,20240903,091702433,undo-dot,./input/icons\undo-dot.svg,,
20240903091702434,20240903,091702434,undo,./input/icons\undo.svg,,
20240903091702435,20240903,091702435,unfold-horizontal,./input/icons\unfold-horizontal.svg,,
20240903091702436,20240903,091702436,unfold-vertical,./input/icons\unfold-vertical.svg,,
20240903091702437,20240903,091702437,ungroup,./input/icons\ungroup.svg,,
20240903091702438,20240903,091702438,unlink-2,./input/icons\unlink-2.svg,,
20240903091702439,20240903,091702439,unlink,./input/icons\unlink.svg,,
20240903091702440,20240903,091702440,unlock,./input/icons\unlock.svg,,
20240903091702441,20240903,091702441,unplug,./input/icons\unplug.svg,,
20240903091702442,20240903,091702442,upload-cloud,./input/icons\upload-cloud.svg,,
20240903091702443,20240903,091702443,upload,./input/icons\upload.svg,,
20240903091702444,20240903,091702444,usb,./input/icons\usb.svg,,
20240903091702445,20240903,091702445,user-2,./input/icons\user-2.svg,,
20240903091702446,20240903,091702446,user-check-2,./input/icons\user-check-2.svg,,
20240903091702447,20240903,091702447,user-check,./input/icons\user-check.svg,,
20240903091702448,20240903,091702448,user-circle-2,./input/icons\user-circle-2.svg,,
20240903091702449,20240903,091702449,user-circle,./input/icons\user-circle.svg,,
20240903091702450,20240903,091702450,user-cog-2,./input/icons\user-cog-2.svg,,
20240903091702451,20240903,091702451,user-cog,./input/icons\user-cog.svg,,
20240903091702452,20240903,091702452,user-minus-2,./input/icons\user-minus-2.svg,,
20240903091702453,20240903,091702453,user-minus,./input/icons\user-minus.svg,,
20240903091702454,20240903,091702454,user-plus-2,./input/icons\user-plus-2.svg,,
20240903091702455,20240903,091702455,user-plus,./input/icons\user-plus.svg,,
20240903091702456,20240903,091702456,user-square-2,./input/icons\user-square-2.svg,,
20240903091702457,20240903,091702457,user-square,./input/icons\user-square.svg,,
20240903091702458,20240903,091702458,user-x-2,./input/icons\user-x-2.svg,,
20240903091702459,20240903,091702459,user-x,./input/icons\user-x.svg,,
20240903091702460,20240903,091702460,user,./input/icons\user.svg,,
20240903091702461,20240903,091702461,users-2,./input/icons\users-2.svg,,
20240903091702462,20240903,091702462,users,./input/icons\users.svg,,
20240903091702463,20240903,091702463,utensils-crossed,./input/icons\utensils-crossed.svg,,
20240903091702464,20240903,091702464,utensils,./input/icons\utensils.svg,,
20240903091702465,20240903,091702465,utility-pole,./input/icons\utility-pole.svg,,
20240903091702466,20240903,091702466,variable,./input/icons\variable.svg,,
20240903091702467,20240903,091702467,vegan,./input/icons\vegan.svg,,
20240903091702468,20240903,091702468,venetian-mask,./input/icons\venetian-mask.svg,,
20240903091702469,20240903,091702469,vibrate-off,./input/icons\vibrate-off.svg,,
20240903091702470,20240903,091702470,vibrate,./input/icons\vibrate.svg,,
20240903091702471,20240903,091702471,video-off,./input/icons\video-off.svg,,
20240903091702472,20240903,091702472,video,./input/icons\video.svg,,
20240903091702473,20240903,091702473,view,./input/icons\view.svg,,
20240903091702474,20240903,091702474,voicemail,./input/icons\voicemail.svg,,
20240903091702475,20240903,091702475,volume-1,./input/icons\volume-1.svg,,
20240903091702476,20240903,091702476,volume-2,./input/icons\volume-2.svg,,
20240903091702477,20240903,091702477,volume-x,./input/icons\volume-x.svg,,
20240903091702478,20240903,091702478,volume,./input/icons\volume.svg,,
20240903091702479,20240903,091702479,vote,./input/icons\vote.svg,,
20240903091702480,20240903,091702480,wallet,./input/icons\wallet.svg,,
20240903091702481,20240903,091702481,wallpaper,./input/icons\wallpaper.svg,,
20240903091702482,20240903,091702482,wand-2,./input/icons\wand-2.svg,,
20240903091702483,20240903,091702483,wand,./input/icons\wand.svg,,
20240903091702484,20240903,091702484,warehouse,./input/icons\warehouse.svg,,
20240903091702485,20240903,091702485,watch,./input/icons\watch.svg,,
20240903091702486,20240903,091702486,waves,./input/icons\waves.svg,,
20240903091702487,20240903,091702487,webcam,./input/icons\webcam.svg,,
20240903091702488,20240903,091702488,webhook,./input/icons\webhook.svg,,
20240903091702489,20240903,091702489,wheat-off,./input/icons\wheat-off.svg,,
20240903091702490,20240903,091702490,wheat,./input/icons\wheat.svg,,
20240903091702491,20240903,091702491,whole-word,./input/icons\whole-word.svg,,
20240903091702492,20240903,091702492,wifi-off,./input/icons\wifi-off.svg,,
20240903091702493,20240903,091702493,wifi,./input/icons\wifi.svg,,
20240903091702494,20240903,091702494,wind,./input/icons\wind.svg,,
20240903091702495,20240903,091702495,wine-off,./input/icons\wine-off.svg,,
20240903091702496,20240903,091702496,wine,./input/icons\wine.svg,,
20240903091702497,20240903,091702497,workflow,./input/icons\workflow.svg,,
20240903091702498,20240903,091702498,wrap-text,./input/icons\wrap-text.svg,,
20240903091702499,20240903,091702499,wrench,./input/icons\wrench.svg,,
20240903091702500,20240903,091702500,x-circle,./input/icons\x-circle.svg,,
20240903091702501,20240903,091702501,x-octagon,./input/icons\x-octagon.svg,,
20240903091702502,20240903,091702502,x-square,./input/icons\x-square.svg,,
20240903091702503,20240903,091702503,x,./input/icons\x.svg,,
20240903091702504,20240903,091702504,youtube,./input/icons\youtube.svg,,
20240903091702505,20240903,091702505,zap-off,./input/icons\zap-off.svg,,
20240903091702506,20240903,091702506,zap,./input/icons\zap.svg,,
20240903091702507,20240903,091702507,zoom-in,./input/icons\zoom-in.svg,,
20240903091702508,20240903,091702508,zoom-out,./input/icons\zoom-out.svg,,
